수출입 통계,,,,,,,,,,,,,,,,,,,,,,,,,,,,,,,,,,,,,,,,,,,,,,,,,,,,
순위,수입국,수입액(천$),수출액(천$),무역수지(천$),상대국의 한국수입신고금(천$),對한국수입비중,수입 연평균증가율(최근6년),수입 연평균증가율(최근3년),수입 점유율(세계시장),한국의 상대국수출신고금(천$),수입국1,수입국2,수입국3,수입국4,수입국5,수입국6,수입국7,수입국8,수입국9,수입국10,수입국11,수입국12,수입국13,수입국14,수입국15,수입국16,수입국17,수입국18,수입국19,수입국20,수입국21,수입국22,수입국23,수입국24,수입국25,수입국26,수입국27,수입국28,수입국29,수입국30,2024 - 수입금액(천$),2024 - 수입 증가율(%),2024 - 수출액(천$),2024 - 수출 증가율(%),2023 - 수입금액(천$),2023 - 수입 증가율(%),2023 - 수출액(천$),2023 - 수출 증가율(%),2022 - 수입금액(천$),2022 - 수입 증가율(%),2022 - 수출액(천$),2022 - 수출 증가율(%)
-,한국,"568,530","885,956","317,426",-,-,17.2,24.0,1.2,-,,,,,,,,,,,,,,,,,,,,,,,,,,,,,,,,,,,,,,,,,,
전체,-,"45,966,653","45,928,961",,,,,,,,,,,,,,,,,,,,,,,,,,,,,,,,,,,,,,,,,,,,,,,,,
1,미국,"8,124,764","2,682,630","-5,442,134","262,207",3.2,6.8,2.6,17.7,"183,957","멕시코(3,303,397)","중국(1,863,103)","인도(450,393)","일본(319,955)","독일(298,542)","한국(262,207)","캐나다(198,655)","이탈리아(196,488)","튀르키예(87,981)","브라질(77,161)","폴란드(67,918)","베트남(57,828)","영국(45,271)","체코(35,672)","스페인(34,215)","대만(26,706)","스웨덴(25,029)","슬로바키아(18,964)","루마니아(15,378)","태국(14,026)","스위스(9,714)","프랑스(8,028)","필리핀(4,853)","몰타(3,685)","말레이시아(3,631)","헝가리(3,568)","인도네시아(3,392)","콜롬비아(2,402)","덴마크(1,964)","벨기에(1,461)","8,124,764",2.4,"2,682,630",-6.1,"7,934,649",2.9,"2,858,029",15.5,"7,713,248",26.5,"2,475,332",11.3
2,독일,"4,529,523","5,132,536","603,013","13,041",0.3,5.3,6.8,9.9,"9,896","폴란드(864,639)","체코(810,252)","이탈리아(757,234)","중국(610,036)","스페인(269,913)","슬로바키아(232,506)","영국(172,345)","프랑스(157,336)","루마니아(92,407)","인도(72,820)","스웨덴(70,874)","튀르키예(59,790)","스위스(50,079)","헝가리(49,643)","미국(40,414)","덴마크(38,639)","일본(31,808)","네덜란드(29,404)","멕시코(24,578)","오스트리아(20,377)","벨기에(16,981)","한국(13,041)","슬로베니아(10,524)","포르투갈(6,809)","브라질(4,159)","태국(4,033)","보스니아 헤르체고비나(3,608)","대만(2,130)","오만(1,824)","이집트(1,313)","4,529,523",4.4,"5,132,536",-1.9,"4,337,215",9.3,"5,233,980",9.6,"3,968,466",9.3,"4,777,689",0.1
3,멕시코,"3,287,572","4,656,899","1,369,327","113,729",3.5,8.4,6.9,7.2,"88,591","미국(1,511,417)","중국(684,780)","이탈리아(120,288)","한국(113,729)","인도(91,829)","독일(73,940)","캐나다(69,048)","일본(61,247)","스페인(40,081)","폴란드(37,998)","브라질(31,278)","체코(24,306)","태국(15,735)","프랑스(14,707)","슬로바키아(10,474)","스웨덴(9,359)","베트남(9,020)","대만(8,904)","튀르키예(7,254)","영국(7,144)","루마니아(6,155)","헝가리(6,039)","스위스(3,913)","말레이시아(2,784)","홍콩(2,234)","덴마크(2,127)","포르투갈(1,938)","보스니아 헤르체고비나(1,648)",인도네시아(721),오스트리아(174),"3,287,572",-2.6,"4,656,899",0.9,"3,373,787",17.2,"4,613,084",10.3,"2,877,753",23.1,"4,180,416",21.0
4,영국,"2,252,787","1,242,581","-1,010,206","6,516",0.3,11.2,32.2,4.9,"40,403","독일(291,054)","중국(287,350)","이탈리아(155,914)","폴란드(148,522)","스페인(98,252)","체코(68,764)","프랑스(67,938)","슬로바키아(37,324)","인도(34,833)","튀르키예(25,636)","루마니아(20,114)","헝가리(19,211)","일본(17,518)","미국(13,621)","대만(11,272)","영국(9,756)","벨기에(8,977)","덴마크(8,056)","한국(6,516)","태국(5,766)","스웨덴(5,489)","멕시코(3,473)","오만(3,163)","스위스(2,804)","베트남(1,576)","아일랜드(1,513)","캐나다(1,187)",오스트리아(810),튀니지(786),네덜란드(784),"2,252,787",2.5,"1,242,581",-5.1,"2,197,639",70.4,"1,308,920",72.5,"1,289,759",5.1,"758,971",-3.7
5,중국,"1,759,385","9,768,726","8,009,341","45,697",2.6,6.5,20.8,3.8,"41,072","독일(603,073)","일본(240,319)","이탈리아(82,725)","미국(80,424)","체코(50,052)","한국(45,697)","멕시코(40,109)","폴란드(37,355)","슬로바키아(28,330)","스페인(28,014)","스위스(20,459)","영국(17,936)","헝가리(14,737)","프랑스(14,735)","루마니아(14,635)","홍콩(13,894)","인도(13,358)","튀르키예(8,503)","태국(4,614)","대만(4,250)","오스트리아(3,269)","중국(3,135)","캐나다(2,401)","스웨덴(2,126)","보스니아 헤르체고비나(2,090)","브라질(1,693)",벨기에(767),러시아연방(435),말레이시아(382),필리핀(346),"1,759,385",12.1,"9,768,726",6.9,"1,569,986",30.1,"9,140,311",19.7,"1,206,353",-6.9,"7,634,206",22.2
6,캐나다,"1,586,952","258,078","-1,328,874","16,305",1.0,0.6,2.7,3.5,"8,759","미국(665,808)","중국(368,121)","멕시코(206,560)","일본(110,889)","독일(53,780)","인도(37,079)","한국(16,305)","이탈리아(11,581)","캐나다(11,259)","폴란드(9,845)","튀르키예(7,046)","영국(5,328)","필리핀(4,842)","스페인(3,894)","프랑스(3,567)","브라질(2,775)","체코(2,385)","대만(2,154)","호주(1,393)","루마니아(1,345)","베트남(1,306)","스웨덴(1,012)",콜롬비아(787),덴마크(437),탄자니아(332),네덜란드(280),태국(270),슬로바키아(250),스위스(179),싱가포르(177),"1,586,952",-4.9,"258,078",-9.3,"1,668,265",10.8,"284,559",-11.3,"1,505,583",22.3,"320,910",13.6
7,폴란드,"1,553,742","2,488,708","934,965","11,318",0.7,8.5,11.4,3.4,"11,495","독일(464,610)","중국(326,803)","이탈리아(229,232)","스페인(121,762)","체코(70,044)","슬로바키아(52,417)","프랑스(43,405)","튀르키예(40,616)","인도(37,092)","헝가리(24,500)","영국(21,462)","루마니아(15,616)","덴마크(14,866)","네덜란드(14,701)","한국(11,318)","벨기에(10,710)","말레이시아(6,397)","미국(5,178)","스웨덴(5,154)","그리스(3,954)","일본(3,709)","리투아니아(2,855)","포르투갈(2,357)","오스트리아(2,039)","호주(1,172)","스위스(1,145)","크로아티아(1,078)","라트비아(1,063)","멕시코(1,032)",슬로베니아(708),"1,553,742",3.4,"2,488,708",5.5,"1,503,134",20.1,"2,358,552",28.5,"1,251,186",7.7,"1,835,466",6.5
8,프랑스,"1,476,125","1,154,439","-321,686","2,997",0.2,1.4,4.4,3.2,"3,196","독일(278,873)","이탈리아(220,227)","폴란드(171,393)","중국(165,298)","스페인(142,271)","체코(96,225)","영국(74,784)","포르투갈(51,510)","인도(37,056)","헝가리(33,565)","벨기에(31,200)","일본(27,489)","튀르키예(26,883)","루마니아(18,286)","슬로바키아(17,671)","네덜란드(14,740)","기타국(13,225)","스웨덴(10,641)","덴마크(7,867)","프랑스(7,585)","오만(6,938)","미국(4,757)","오스트리아(3,519)","한국(2,997)","모로코(2,064)","튀니지(1,245)","대만(1,222)",멕시코(934),베트남(788),브라질(693),"1,476,125",-1.9,"1,154,439",3.1,"1,505,181",11.1,"1,119,792",7.1,"1,355,012",-0.6,"1,045,358",-13.0
9,체코,"1,242,105","1,545,665","303,560","21,853",1.8,1.8,7.7,2.7,"15,006","독일(275,665)","슬로바키아(192,208)","폴란드(188,252)","이탈리아(171,883)","중국(81,068)","스페인(74,010)","프랑스(35,067)","헝가리(28,651)","인도(25,217)","영국(24,370)","한국(21,853)","오만(20,877)","일본(11,741)","루마니아(10,678)","멕시코(10,508)","벨기에(9,245)","튀르키예(9,170)","기타국(7,835)","덴마크(6,609)","오스트리아(4,669)","스위스(3,402)","대만(3,355)","스웨덴(3,148)","네덜란드(2,604)","미국(1,035)",베트남(707),태국(313),크로아티아(213),리투아니아(212),캐나다(192),"1,242,105",3.2,"1,545,665",1.8,"1,203,231",12.4,"1,518,903",13.5,"1,070,119",-1.4,"1,338,789",-4.4
10,튀르키예,"1,074,572","800,340","-274,232","14,903",1.4,12.8,37.0,2.3,"12,108","중국(103,783)","이탈리아(85,002)","스페인(80,764)","독일(77,140)","폴란드(68,924)","인도(68,299)","프랑스(51,514)","체코(31,228)","한국(14,903)","루마니아(12,341)","슬로바키아(8,990)","포르투갈(7,305)","영국(6,215)","헝가리(5,777)","일본(5,625)","미국(4,615)","멕시코(3,869)","스위스(2,030)","스웨덴(1,747)","태국(1,732)","튀니지(1,722)",브라질(865),그리스(487),우크라이나(483),대만(463),오스트리아(407),보스니아 헤르체고비나(395),호주(373),말레이시아(345),러시아연방(293),"1,074,572",-1.2,"800,340",2.5,"1,088,034",89.9,"781,078",50.4,"572,828",-2.4,"519,170",17.7
11,이탈리아,"1,075,803","2,490,748","1,414,945","1,725",0.2,1.9,-1.1,2.3,"1,740","독일(380,356)","중국(268,463)","폴란드(135,608)","체코(71,118)","스페인(35,242)","영국(24,571)","프랑스(22,392)","스웨덴(21,486)","튀르키예(17,642)","덴마크(16,422)","벨기에(12,657)","슬로바키아(12,234)","인도(9,190)","멕시코(8,524)","네덜란드(8,454)","오스트리아(5,143)","헝가리(5,063)","미국(3,491)","슬로베니아(3,159)","크로아티아(3,106)","그리스(2,213)","루마니아(2,003)","한국(1,725)","스위스(1,096)",튀니지(905),모로코(674),리투아니아(461),대만(376),베트남(335),일본(322),"1,075,803",-2.6,"2,490,748",0.1,"1,104,108",0.4,"2,488,022",13.2,"1,099,463",7.2,"2,198,378",-0.1
12,일본,"879,648","1,705,363","825,715","11,091",1.3,6.0,15.4,1.9,"12,301","중국(423,389)","태국(84,153)","이탈리아(42,209)","독일(36,693)","미국(29,228)","멕시코(22,167)","스페인(20,524)","폴란드(16,754)","대만(14,372)","인도(11,139)","한국(11,091)","영국(9,409)","베트남(8,368)","루마니아(3,698)","슬로바키아(3,285)","튀르키예(3,013)","체코(2,729)","헝가리(2,675)","브라질(2,615)","프랑스(1,877)","인도네시아(1,772)",스웨덴(958),포르투갈(941),남아프리카공화국(894),스위스(430),덴마크(414),말레이시아(242),홍콩(119),벨기에(116),핀란드(112),"879,648",-9.0,"1,705,363",-16.7,"966,481",46.2,"2,048,063",31.2,"660,977",13.5,"1,561,283",-12.8
13,슬로바키아,"961,229","757,078","-204,151","49,857",5.2,7.9,11.1,2.1,"42,364","독일(307,586)","폴란드(135,850)","체코(124,182)","이탈리아(122,604)","한국(49,857)","스페인(40,766)","영국(27,107)","프랑스(25,892)","포르투갈(20,799)","헝가리(18,930)","루마니아(13,388)","중국(13,180)","인도(7,877)","오만(5,382)","일본(5,112)","슬로바키아(3,080)","멕시코(2,423)","네덜란드(2,091)","스웨덴(1,983)","튀르키예(1,935)","베트남(1,156)",크로아티아(720),덴마크(664),기타국(447),미국(373),벨기에(314),오스트리아(241),불가리아(170),슬로베니아(144),태국(53),"961,229",2.5,"757,078",2.4,"937,952",20.5,"739,554",29.5,"778,491",9.5,"571,056",10.6
14,스페인,"808,707","1,014,925","206,217","2,703",0.3,3.0,9.2,1.8,"1,821","독일(227,453)","프랑스(131,942)","중국(100,967)","폴란드(82,133)","슬로바키아(47,072)","이탈리아(41,253)","체코(34,504)","포르투갈(31,522)","덴마크(29,879)","영국(19,503)","헝가리(12,668)","튀르키예(9,280)","모로코(8,903)","인도(4,427)","미국(3,906)","벨기에(3,646)","일본(3,412)","한국(2,703)","스웨덴(2,274)","네덜란드(1,322)","캐나다(1,020)",대만(947),태국(803),루마니아(781),그리스(687),멕시코(585),베트남(270),슬로베니아(183),남아프리카공화국(178),리투아니아(159),"808,707",-5.0,"1,014,925",-6.6,"851,685",25.6,"1,086,773",9.2,"678,178",1.5,"995,645",-3.9
15,러시아연방,"703,778","19,414","-684,364","79,175",11.2,-1.6,12.4,1.5,"79,175","중국(469,745)","한국(79,175)","튀르키예(77,276)","독일(11,677)","이탈리아(8,454)","대만(4,796)","스페인(4,772)","일본(4,697)","폴란드(3,261)","인도(2,961)","인도네시아(2,352)",태국(443),홍콩(405),프랑스(341),헝가리(282),덴마크(227),슬로바키아(100),리투아니아(98),싱가포르(79),미국(60),벨기에(7),남아프리카공화국(6),말레이시아(1),브라질(0),-,-,-,-,-,-,"703,778",4.5,"19,414",911.5,"673,188",20.9,"1,919",-59.0,"556,919",-38.8,"4,677",-93.7
16,브라질,"653,463","328,185","-325,278","11,993",1.8,8.8,16.6,1.4,"8,627","중국(131,359)","멕시코(64,210)","태국(46,419)","독일(45,560)","일본(40,703)","이탈리아(35,149)","인도(33,075)","미국(18,672)","프랑스(16,151)","폴란드(12,435)","한국(11,993)","영국(11,204)","스웨덴(9,560)","튀르키예(9,085)","스페인(7,484)","루마니아(4,587)","스위스(3,786)","체코(3,462)","슬로바키아(3,094)","덴마크(3,065)","인도네시아(2,823)","대만(2,094)","베트남(1,736)","말레이시아(1,502)","네덜란드(1,244)",헝가리(989),포르투갈(824),홍콩(787),필리핀(775),모로코(643),"653,463",8.9,"328,185",-2.5,"600,300",24.9,"336,648",11.2,"480,436",7.0,"302,852",39.1
17,스웨덴,"572,826","175,526","-397,301","4,472",0.8,-1.1,0.0,1.2,"3,142","독일(315,809)","영국(82,833)","이탈리아(30,697)","폴란드(25,133)","중국(21,579)","벨기에(20,118)","체코(17,530)","덴마크(15,453)","프랑스(9,336)","슬로바키아(6,619)","한국(4,472)","일본(3,561)","스페인(3,432)","미국(3,239)","노르웨이(2,391)","네덜란드(2,372)","루마니아(1,831)","핀란드(1,623)",헝가리(979),튀르키예(630),인도(587),리투아니아(575),라트비아(444),멕시코(404),대만(391),캐나다(183),에스토니아(125),홍콩(90),스위스(81),브라질(65),"572,826",-6.8,"175,526",-8.4,"614,787",7.2,"191,621",8.7,"573,375",-1.7,"176,308",-6.3
18,아랍에미리트,"508,195","3,562","-504,633","23,011",4.5,15.3,25.1,1.1,"23,011","중국(213,185)","독일(50,919)","일본(41,249)","미국(28,490)","한국(23,011)","태국(13,291)","이탈리아(8,846)","인도(8,435)","영국(7,332)","프랑스(7,002)","튀르키예(5,783)","인도네시아(4,293)","대만(2,756)","벨기에(2,127)","홍콩(1,665)","네덜란드(1,523)","폴란드(1,357)","스페인(1,352)","말레이시아(1,336)",리투아니아(947),그리스(858),루마니아(798),덴마크(417),싱가포르(409),슬로바키아(397),오스트리아(344),헝가리(338),남아프리카공화국(300),스웨덴(297),체코(202),"508,195",8.1,"3,562",-98.4,"470,047",44.8,"215,976",21.2,"324,524",27.5,"178,209",12.2
19,벨기에,"461,121","359,002","-102,119","6,239",1.4,-5.3,-15.9,1.0,"4,322","독일(184,825)","프랑스(52,983)","체코(36,263)","중국(30,991)","폴란드(29,631)","스웨덴(24,474)","네덜란드(21,967)","이탈리아(20,492)","일본(16,117)","슬로바키아(7,575)","한국(6,239)","영국(4,801)","스페인(3,688)","튀르키예(2,866)","대만(2,619)","인도(2,553)","덴마크(1,662)","태국(1,622)","미국(1,256)","헝가리(1,239)","멕시코(1,127)","오스트리아(1,113)",루마니아(660),슬로베니아(646),그리스(580),노르웨이(530),남아프리카공화국(412),스위스(409),포르투갈(272),몬테네그로(264),"461,121",-28.8,"359,002",5.2,"647,806",-0.6,"341,390",4.7,"651,863",8.3,"325,915",-1.8
20,인도,"370,190","1,013,489","643,299","36,381",9.8,15.4,15.3,0.8,"17,307","중국(81,034)","일본(57,191)","태국(39,094)","독일(37,189)","한국(36,381)","이탈리아(15,939)","미국(13,909)","영국(11,903)","프랑스(4,422)","스웨덴(2,789)","체코(1,987)","스위스(1,445)","멕시코(1,378)","튀르키예(1,223)","벨기에(1,117)",스페인(970),덴마크(681),폴란드(547),인도(488),말레이시아(440),슬로바키아(401),남아프리카공화국(367),우크라이나(321),호주(300),헝가리(291),대만(166),인도네시아(137),포르투갈(132),아랍에미리트(97),뉴질랜드(82),"370,190",-11.7,"1,013,489",3.7,"419,328",50.6,"977,672",39.9,"278,518",22.4,"698,947",14.0
21,루마니아,"421,767","241,700","-180,067",71,0.0,3.0,7.1,0.9,201,"독일(107,680)","폴란드(49,612)","스페인(41,214)","슬로바키아(39,079)","프랑스(31,206)","이탈리아(28,960)","체코(21,798)","튀르키예(20,055)","헝가리(18,966)","중국(14,334)","벨기에(11,008)","포르투갈(9,046)","덴마크(5,117)","인도(4,801)","오스트리아(3,490)","리투아니아(2,872)","모로코(2,757)","영국(2,537)","태국(2,284)","네덜란드(1,300)","몰타(1,202)",불가리아(711),스웨덴(478),아일랜드(469),크로아티아(280),슬로베니아(132),한국(71),미국(67),일본(53),대만(44),"421,767",11.0,"241,700",3.5,"379,809",3.3,"233,431",10.5,"367,568",4.8,"211,182",-2.7
22,스위스,"436,936","155,345","-281,591","1,283",0.3,19.8,39.8,1.0,31,"독일(127,430)","이탈리아(28,702)","중국(18,150)","폴란드(12,289)","미국(9,681)","체코(6,069)","스페인(5,377)","스웨덴(5,113)","프랑스(4,933)","네덜란드(4,383)","일본(4,190)","슬로바키아(3,429)","영국(2,862)","오스트리아(1,827)","루마니아(1,608)","인도(1,444)","한국(1,283)","벨기에(1,272)",덴마크(959),튀르키예(828),멕시코(715),헝가리(668),태국(362),베트남(233),대만(209),브라질(127),캐나다(118),튀니지(93),남아프리카공화국(81),포르투갈(67),"436,936",4.0,"155,345",-17.0,"420,038",88.0,"187,195",68.3,"223,411",10.8,"111,257",0.6
23,태국,"373,851","667,568","293,716","1,576",0.4,6.1,9.5,0.8,"2,014","일본(127,737)","중국(118,877)","미국(62,080)","인도(9,338)","인도네시아(8,302)","독일(6,148)","폴란드(4,188)","말레이시아(3,683)","체코(3,483)","이탈리아(2,900)","스페인(2,147)","튀르키예(1,978)","한국(1,576)","슬로바키아(1,546)","멕시코(1,089)",루마니아(940),프랑스(920),스웨덴(832),호주(702),영국(691),캐나다(620),대만(565),헝가리(517),베트남(321),태국(321),남아프리카공화국(217),브라질(202),싱가포르(118),뉴질랜드(49),벨기에(36),"373,851",-0.4,"667,568",1.0,"375,415",20.5,"660,840",5.1,"311,575",3.2,"628,522",-2.8
24,말레이시아,"364,452","71,079","-293,373","3,457",0.9,15.7,21.6,0.8,"1,449","태국(70,531)","중국(69,184)","일본(66,387)","인도네시아(35,702)","독일(17,811)","폴란드(8,549)","이탈리아(7,568)","체코(5,278)","한국(3,457)","인도(3,322)","미국(3,060)","스페인(2,973)","싱가포르(2,236)","벨기에(1,697)","멕시코(1,604)","루마니아(1,163)",튀르키예(773),대만(629),네덜란드(583),영국(454),스웨덴(327),필리핀(312),브라질(284),슬로바키아(258),프랑스(220),호주(178),오스트리아(82),헝가리(68),이집트(43),노르웨이(28),"364,452",13.9,"71,079",50.3,"319,875",29.8,"47,290",48.9,"246,434",35.5,"31,762",-14.9
25,호주,"361,066","31,098","-329,967","7,987",2.2,9.4,8.3,0.8,"5,555","중국(99,960)","미국(68,047)","독일(36,287)","일본(21,408)","이탈리아(13,459)","태국(12,169)","영국(12,104)","한국(7,987)","폴란드(6,871)","체코(5,160)","대만(4,217)","스웨덴(3,922)","스페인(3,470)","인도(2,054)","프랑스(1,937)","슬로바키아(1,737)","브라질(1,698)","멕시코(1,640)","루마니아(1,561)",튀르키예(894),캐나다(840),말레이시아(688),헝가리(501),남아프리카공화국(348),노르웨이(299),벨기에(256),그리스(189),네덜란드(157),싱가포르(152),베트남(150),"361,066",2.4,"31,098",-7.9,"352,507",14.6,"33,761",0.0,"307,715",13.1,"33,753",-21.3
26,남아프리카공화국,"386,103","40,022","-346,081","1,621",0.4,11.3,25.0,0.8,968,"중국(62,948)","태국(29,254)","독일(24,491)","체코(24,062)","일본(18,080)","폴란드(15,847)","미국(14,233)","이탈리아(10,829)","스페인(7,228)","인도(6,437)","튀르키예(5,580)","프랑스(5,519)","슬로바키아(3,910)","영국(2,860)","루마니아(2,765)","한국(1,621)","브라질(1,578)","대만(1,185)",스웨덴(713),호주(705),멕시코(575),헝가리(418),인도네시아(362),캐나다(294),벨기에(277),베트남(234),노르웨이(218),오스트리아(186),아랍에미리트(154),남아프리카공화국(143),"386,103",-13.9,"40,022",-6.8,"448,448",81.3,"42,953",6.5,"247,291",6.2,"40,343",7.8
27,헝가리,"379,480","289,685","-89,794",370,0.1,6.8,0.5,0.8,"1,511","독일(239,086)","폴란드(36,780)","중국(23,569)","체코(22,816)","이탈리아(13,120)","영국(7,272)","오스트리아(5,562)","슬로바키아(5,257)","슬로베니아(3,209)","루마니아(3,167)","네덜란드(3,088)","스페인(3,069)","튀르키예(2,745)","벨기에(2,239)","덴마크(2,207)","리투아니아(1,804)",일본(772),인도(693),크로아티아(680),프랑스(565),벨라루스(419),한국(370),미국(200),아랍에미리트(129),대만(108),우크라이나(96),스위스(87),스웨덴(75),불가리아(62),멕시코(40),"379,480",-6.2,"289,685",-5.2,"404,658",7.7,"305,591",10.8,"375,851",9.2,"275,770",-24.8
28,인도네시아,"341,170","52,043","-289,127","2,999",0.9,5.1,-4.1,0.7,"1,016","태국(120,940)","일본(99,852)","중국(60,920)","인도(11,088)","베트남(6,541)","미국(5,957)","독일(4,133)","스웨덴(3,320)","한국(2,999)","호주(1,798)","말레이시아(1,669)","폴란드(1,662)","이탈리아(1,656)","대만(1,598)","튀르키예(1,456)","프랑스(1,158)",헝가리(829),슬로바키아(786),브라질(591),영국(460),스페인(424),싱가포르(377),오스트리아(362),벨기에(352),체코(328),멕시코(214),남아프리카공화국(189),루마니아(136),캐나다(100),그리스(82),"341,170",-10.4,"52,043",-14.5,"380,800",2.7,"60,849",15.9,"370,909",45.6,"52,523",-1.8
29,네덜란드,"324,544","191,103","-133,441","1,537",0.5,0.3,-3.4,0.7,"1,230","독일(109,185)","중국(40,595)","이탈리아(28,132)","폴란드(27,868)","일본(22,984)","벨기에(22,031)","튀르키예(16,831)","프랑스(11,585)","영국(7,820)","스웨덴(7,788)","스페인(5,781)","미국(4,993)","인도(3,865)","체코(2,319)","대만(1,971)","헝가리(1,710)","한국(1,537)","덴마크(1,109)",태국(833),핀란드(703),노르웨이(533),포르투갈(497),리투아니아(462),브라질(385),슬로바키아(326),스위스(300),호주(281),오스트리아(269),그리스(266),인도네시아(166),"324,544",-14.8,"191,103",-8.9,"381,023",9.5,"209,887",5.4,"347,810",-0.5,"199,044",-25.6
30,모로코,"314,210","32,185","-282,025",0,0.0,26.3,40.2,0.7,0,"프랑스(54,560)","스페인(53,770)","이탈리아(15,584)","중국(10,733)","튀르키예(9,463)","루마니아(7,663)","독일(4,970)","폴란드(4,120)","포르투갈(1,601)","체코(1,268)","벨기에(1,067)",그리스(814),영국(591),네덜란드(112),미국(108),대만(105),캐나다(72),일본(63),인도(25),스웨덴(24),슬로바키아(16),브라질(3),남아프리카공화국(2),태국(1),한국(0),-,-,-,-,-,"314,210",-4.6,"32,185",-38.0,"329,525",106.3,"51,919",139.5,"159,762",-5.0,"21,678",-22.8
31,아르헨티나,"314,771",905,"-313,866",269,0.1,16.5,7.0,0.7,223,"브라질(172,481)","태국(30,429)","멕시코(18,691)","미국(17,531)","중국(8,755)","일본(7,874)","프랑스(7,471)","독일(5,503)","폴란드(4,057)","우루과이(3,171)","스페인(2,828)","체코(2,708)","이탈리아(2,198)","모로코(1,688)","루마니아(1,566)",인도(752),튀르키예(651),스웨덴(475),영국(310),한국(269),슬로바키아(227),네덜란드(124),캐나다(55),대만(41),벨기에(38),호주(35),헝가리(21),노르웨이(19),온두라스(14),칠레(10),"314,771",-21.9,905,-2.9,"402,902",46.6,931,-38.3,"274,913",24.0,"1,508",47.5
32,오스트리아,"246,113","59,392","-186,721","1,804",0.7,-0.5,2.2,0.5,203,"독일(102,918)","이탈리아(27,214)","폴란드(23,407)","중국(14,977)","체코(13,519)","스페인(8,283)","헝가리(6,583)","프랑스(6,169)","덴마크(5,355)","네덜란드(4,878)","일본(4,546)","멕시코(3,497)","영국(3,296)","슬로바키아(2,812)","벨기에(2,270)","루마니아(2,223)","미국(2,183)","인도(1,840)","한국(1,804)","스웨덴(1,525)","튀르키예(1,507)","스위스(1,387)","슬로베니아(1,330)",크로아티아(940),태국(475),사우디아라비아(226),필리핀(203),브라질(153),대만(99),핀란드(82),"246,113",-1.9,"59,392",7.3,"250,797",6.5,"55,331",10.1,"235,409",-7.0,"50,270",-1.4
33,우크라이나,"240,487","2,495","-237,992","3,856",1.6,21.3,60.5,0.5,"2,090","중국(55,279)","독일(20,718)","스페인(12,616)","폴란드(9,774)","튀르키예(8,361)","체코(7,785)","이탈리아(6,852)","한국(3,856)","인도(3,717)","일본(2,539)","영국(2,523)","미국(2,282)","헝가리(1,030)","프랑스(1,027)",루마니아(768),멕시코(462),덴마크(339),벨기에(322),슬로바키아(280),브라질(261),대만(217),태국(190),스웨덴(168),포르투갈(156),그리스(98),캐나다(79),불가리아(77),호주(66),네덜란드(65),오스트리아(45),"240,487",7.4,"2,495",2.1,"223,920",139.8,"2,443",-1.2,"93,368",-22.5,"2,471",-61.7
34,우즈베키스탄,"212,979","2,528","-210,452","111,692",52.4,26.5,45.3,0.5,"69,222","한국(111,692)","중국(39,030)","브라질(15,963)","멕시코(9,307)","슬로바키아(6,999)","미국(5,857)","인도(2,477)","튀르키예(2,137)","헝가리(1,659)",폴란드(874),일본(871),러시아연방(424),독일(397),그리스(390),벨라루스(385),네덜란드(268),오스트리아(141),이탈리아(132),덴마크(122),태국(90),아랍에미리트(73),스페인(64),투르크메니스탄(49),키르기스스탄(43),체코(43),영국(36),우크라이나(32),리투아니아(21),프랑스(17),라트비아(13),"212,979",28.7,"2,528",627.0,"165,481",64.1,348,-18.1,"100,830",57.4,424,83.4
35,베트남,"174,608","98,756","-75,853","3,427",2.0,14.6,21.2,0.4,"3,427","중국(119,927)","태국(15,921)","일본(15,248)","인도(7,764)","인도네시아(4,655)","한국(3,427)","싱가포르(1,850)","독일(1,125)",덴마크(731),대만(595),말레이시아(397),튀르키예(242),이탈리아(197),미국(118),프랑스(35),영국(34),스웨덴(34),벨기에(27),슬로바키아(21),홍콩(12),폴란드(12),체코(10),네덜란드(4),스페인(3),헝가리(1),호주(1),남아프리카공화국(0),브라질(0),-,-,"174,608",78.1,"98,756",88.8,"98,025",-17.6,"52,300",29.4,"118,916",13.3,"40,427",29.2
36,노르웨이,"188,125","10,279","-177,846","1,627",0.9,18.4,50.0,0.4,2,"중국(24,840)","독일(21,479)","이탈리아(10,309)","폴란드(6,678)","덴마크(5,903)","스웨덴(4,611)","스페인(3,853)","일본(3,277)","라트비아(3,153)","체코(2,214)","리투아니아(1,818)","한국(1,627)","영국(1,522)","프랑스(1,505)","미국(1,385)","인도(1,148)",튀르키예(469),멕시코(388),슬로바키아(371),태국(357),루마니아(355),네덜란드(254),헝가리(232),핀란드(223),벨기에(222),대만(151),에스토니아(103),싱가포르(69),캐나다(69),브라질(52),"188,125",5.3,"10,279",-27.6,"178,597",113.5,"14,192",162.9,"83,637",-10.1,"5,397",-20.2
37,포르투갈,"178,222","76,439","-101,783",874,0.5,-2.7,8.5,0.4,0,"스페인(61,109)","독일(46,737)","폴란드(17,685)","슬로바키아(16,724)","중국(8,318)","프랑스(7,752)","이탈리아(7,258)","벨기에(3,147)","일본(2,170)","스웨덴(1,537)","튀르키예(1,230)",한국(874),영국(837),인도(630),체코(587),덴마크(399),네덜란드(374),그리스(221),루마니아(170),대만(163),미국(68),인도네시아(61),오스트리아(29),말레이시아(25),태국(24),싱가포르(22),헝가리(15),불가리아(11),리투아니아(10),브라질(9),"178,222",4.8,"76,439",-3.0,"170,102",12.3,"78,787",10.7,"151,424",-6.8,"71,199",-28.8
38,대만,"172,828","105,774","-67,054","10,246",5.9,4.3,6.1,0.4,637,"중국(47,466)","일본(37,361)","태국(16,878)","독일(15,740)","한국(10,246)","인도네시아(6,859)","이탈리아(4,788)","폴란드(3,098)","슬로바키아(2,040)","스페인(1,908)","루마니아(1,852)","홍콩(1,799)","영국(1,688)","미국(1,611)",체코(998),인도(563),필리핀(397),멕시코(384),프랑스(292),튀르키예(251),스웨덴(250),베트남(178),헝가리(139),네덜란드(95),말레이시아(94),브라질(87),벨기에(79),그리스(67),대만(39),캐나다(37),"172,828",-14.2,"105,774",-9.1,"201,439",31.1,"116,395",4.1,"153,599",-5.3,"111,864",1.2
39,사우디아라비아,"174,065","1,609","-172,456","10,284",5.9,3.9,6.7,0.4,"2,226","일본(54,031)","중국(21,208)","태국(14,914)","독일(14,328)","미국(11,848)","한국(10,284)","멕시코(5,115)","폴란드(4,952)","인도(4,323)","이탈리아(4,038)","말레이시아(3,381)","인도네시아(2,489)","호주(1,810)","스페인(1,746)","튀르키예(1,543)","루마니아(1,238)",영국(702),프랑스(600),그리스(570),홍콩(509),체코(416),대만(366),리투아니아(353),브라질(337),베트남(251),헝가리(175),핀란드(120),슬로바키아(83),네덜란드(70),캐나다(66),"174,065",-15.6,"1,609",36.1,"206,150",34.8,"1,182",188.5,"152,957",10.7,410,-42.3
40,덴마크,"143,787","163,852","20,065",233,0.2,2.8,7.7,0.3,175,"중국(40,720)","독일(36,685)","폴란드(20,224)","이탈리아(10,691)","인도(9,429)","스웨덴(6,984)","벨기에(5,399)","네덜란드(3,489)","프랑스(3,358)","영국(1,323)","스페인(1,223)",리투아니아(998),오스트리아(593),스위스(336),미국(323),노르웨이(322),대만(293),헝가리(253),튀르키예(251),한국(233),일본(131),베트남(109),브라질(89),아일랜드(56),그린란드(52),남아프리카공화국(47),체코(39),기타국(38),멕시코(16),라트비아(13),"143,787",13.7,"163,852",2.3,"126,501",2.0,"160,198",15.8,"124,011",-16.0,"138,369",-16.8
41,칠레,"101,361","2,358","-99,003","4,697",4.6,7.2,-3.2,0.2,"2,353","중국(27,785)","미국(25,533)","브라질(7,633)","독일(6,339)","한국(4,697)","기타국(3,155)","일본(2,789)","멕시코(1,646)","이탈리아(1,590)","튀르키예(1,472)","스웨덴(1,153)",프랑스(887),파나마(876),스페인(856),영국(660),인도(388),벨기에(310),태국(304),대만(265),캐나다(231),오스트리아(206),네덜란드(201),체코(158),아르헨티나(154),폴란드(151),사우디아라비아(141),루마니아(119),그리스(85),슬로바키아(81),핀란드(75),"101,361",2.6,"2,358",5.5,"98,749",-8.8,"2,236",41.7,"108,261",33.1,"1,577",51.8
42,카자흐스탄,"104,991","14,790","-90,201","10,765",10.3,24.3,14.0,0.2,"7,995","중국(35,053)","러시아연방(17,657)","한국(10,765)","튀르키예(4,014)","일본(2,582)","이탈리아(2,273)","독일(2,019)","인도네시아(1,610)","미국(1,589)","우즈베키스탄(1,381)","폴란드(1,380)","스페인(1,101)",인도(423),벨라루스(402),그리스(300),영국(281),체코(277),호주(255),멕시코(212),프랑스(173),네덜란드(125),리투아니아(98),태국(94),오스트리아(66),스웨덴(49),우크라이나(43),슬로바키아(42),브라질(36),아랍에미리트(33),루마니아(31),"104,991",-16.5,"14,790",-29.2,"125,796",55.7,"20,904",342.3,"80,798",62.5,"4,726",584.6
43,세르비아,"101,605","11,956","-89,649",215,0.2,27.6,53.9,0.2,30,"중국(16,395)","독일(5,620)","이탈리아(5,105)","스페인(3,528)","체코(3,345)","튀르키예(2,410)","폴란드(2,117)","영국(1,634)","인도(1,464)","루마니아(1,313)",캐나다(969),헝가리(633),그리스(595),슬로베니아(458),프랑스(455),슬로바키아(368),오스트리아(286),한국(215),일본(171),아일랜드(139),덴마크(92),미국(68),러시아연방(64),스웨덴(61),대만(56),태국(46),리투아니아(41),멕시코(37),모로코(29),벨기에(29),"101,605",13.4,"11,956",2.7,"89,625",108.8,"11,639",39.8,"42,916",6.5,"8,328",28.2
44,벨라루스,"108,022","3,440","-104,582",840,0.8,10.8,44.1,0.2,840,"튀르키예(17,162)","중국(15,885)","폴란드(12,020)","독일(8,087)","이탈리아(6,532)","스페인(3,791)","슬로바키아(2,673)","리투아니아(1,328)","네덜란드(1,092)",한국(840),체코(599),헝가리(432),인도(274),덴마크(107),루마니아(40),영국(4),프랑스(2),브라질(0),-,-,-,-,-,-,-,-,-,-,-,-,"108,022",39.5,"3,440",14.3,"77,417",48.7,"3,011",3.3,"52,047",-30.1,"2,915",-92.1
45,리투아니아,"100,154","49,843","-50,310",1,0.0,7.7,3.7,0.2,5,"폴란드(35,495)","독일(20,054)","핀란드(6,256)","중국(4,742)","덴마크(3,670)","라트비아(3,287)","스페인(3,149)","튀르키예(2,678)","에스토니아(2,472)","오스트리아(2,177)","스웨덴(2,108)","프랑스(2,017)","영국(1,822)","이탈리아(1,760)","헝가리(1,759)","벨기에(1,477)","아일랜드(1,121)",네덜란드(948),체코(463),불가리아(423),노르웨이(230),우크라이나(149),인도(144),루마니아(130),슬로바키아(127),크로아티아(118),미국(115),러시아연방(85),세르비아(75),벨라루스(70),"100,154",0.8,"49,843",-3.0,"99,365",6.8,"51,367",-2.7,"93,054",14.3,"52,810",13.3
46,이란,"110,129",78,"-110,051",349,0.3,30.6,61.4,0.2,349,"중국(91,752)","튀르키예(11,620)","독일(2,892)",한국(349),일본(144),이탈리아(110),체코(52),대만(36),인도(25),벨기에(17),말레이시아(16),루마니아(15),태국(8),인도네시아(4),-,-,-,-,-,-,-,-,-,-,-,-,-,-,-,-,"110,129",-22.0,78,-54.0,"141,142",234.0,170,-95.0,"42,264",15.2,"3,370",50.5
47,이스라엘,"101,230","1,324","-99,906","8,201",8.1,9.0,5.7,0.2,"5,875","중국(16,525)","독일(13,858)","한국(8,201)","벨기에(7,473)","미국(4,392)","프랑스(3,693)","이탈리아(2,940)","스페인(2,937)","일본(2,284)","스웨덴(1,934)","튀르키예(1,448)","네덜란드(1,094)",그리스(901),영국(894),인도(762),헝가리(708),브라질(670),아랍에미리트(305),싱가포르(254),슬로베니아(194),불가리아(186),폴란드(175),스위스(126),대만(105),캐나다(99),오스트리아(82),우크라이나(80),체코(79),호주(48),홍콩(44),"101,230",3.3,"1,324",-11.1,"98,026",8.2,"1,489",56.0,"90,625",24.0,955,243.4
48,알제리,"93,446",4,"-93,441","2,874",3.1,-,44.5,0.2,"2,874","중국(28,179)","이탈리아(9,528)","프랑스(7,674)","튀르키예(5,155)","독일(5,146)","스페인(4,002)","한국(2,874)","폴란드(1,029)",태국(556),인도(471),벨기에(245),그리스(217),일본(93),대만(58),루마니아(50),포르투갈(24),캐나다(16),브라질(15),미국(13),네덜란드(13),말레이시아(10),덴마크(5),영국(3),-,-,-,-,-,-,-,"93,446",-28.9,4,-96.9,"131,368",193.7,143,-51.3,"44,726",-13.6,293,-63.7
49,슬로베니아,"81,347","26,141","-55,206",320,0.4,-3.2,8.7,0.2,88,"독일(13,757)","프랑스(13,103)","마케도니아(12,533)","이탈리아(6,935)","중국(4,912)","폴란드(4,659)","튀르키예(4,276)","체코(4,007)","덴마크(3,607)","스페인(2,495)","영국(1,787)","크로아티아(1,747)","포르투갈(1,672)","슬로바키아(1,154)","루마니아(1,005)",인도(578),헝가리(488),오스트리아(386),일본(326),한국(320),벨기에(200),네덜란드(181),미국(163),스웨덴(156),슬로베니아(126),리투아니아(115),대만(89),그리스(87),멕시코(79),세르비아(77),"81,347",-1.8,"26,141",-16.0,"82,819",20.2,"31,105",3.1,"68,880",-13.1,"30,178",-5.9
50,싱가포르,"75,298","44,543","-30,755","1,040",1.4,12.6,29.0,0.2,626,"인도네시아(18,723)","미국(8,393)","중국(5,883)","독일(4,692)","인도(2,657)","이탈리아(2,377)","일본(2,200)","영국(2,025)","대만(1,596)","폴란드(1,080)","한국(1,040)","스페인(1,025)",체코(771),튀르키예(706),말레이시아(675),프랑스(460),루마니아(441),태국(420),멕시코(319),슬로바키아(217),브루나이(151),호주(124),헝가리(105),브라질(55),벨기에(52),스웨덴(50),네덜란드(41),홍콩(37),남아프리카공화국(35),핀란드(31),"75,298",-13.9,"44,543",-20.3,"87,410",93.3,"55,920",22.6,"45,223",-34.4,"45,601",-15.1
51,콜롬비아,"74,908","7,560","-67,348","2,028",2.7,5.6,-0.6,0.2,"1,665","중국(24,394)","브라질(8,193)","미국(7,575)","일본(3,925)","이탈리아(2,698)","멕시코(2,070)","한국(2,028)","독일(2,006)","루마니아(1,677)","스페인(1,520)","튀르키예(1,044)","인도(1,022)",프랑스(843),스웨덴(787),대만(627),체코(609),태국(444),캐나다(381),영국(268),네덜란드(256),우루과이(238),폴란드(234),모로코(116),페루(86),스위스(76),오스트리아(52),헝가리(44),기타국(37),포르투갈(25),슬로바키아(18),"74,908",-1.0,"7,560",48.3,"75,683",-0.2,"5,098",-16.6,"75,839",46.5,"6,114",21.6
52,핀란드,"80,407","10,597","-69,811",474,0.6,0.8,-5.0,0.2,1,"독일(16,956)","중국(11,494)","이탈리아(10,713)","폴란드(7,525)","덴마크(4,476)","영국(4,156)","스웨덴(3,923)","스페인(3,096)","네덜란드(2,534)","벨기에(1,808)","리투아니아(1,728)","미국(1,675)","튀르키예(1,442)","체코(1,439)","일본(1,311)","프랑스(1,308)","인도(1,269)",루마니아(614),브라질(511),에스토니아(488),한국(474),헝가리(409),대만(383),슬로바키아(112),멕시코(95),태국(81),라트비아(78),오스트리아(70),캐나다(36),베트남(36),"80,407",1.6,"10,597",-10.0,"79,105",-11.3,"11,779",13.6,"89,165",-9.6,"10,365",22.3
53,아일랜드,"78,235","8,183","-70,052","1,514",1.9,17.7,9.9,0.2,1,"중국(25,618)","영국(25,275)","독일(5,043)","인도(3,809)","이탈리아(3,635)","폴란드(3,525)","벨기에(1,690)","한국(1,514)","네덜란드(1,433)","프랑스(1,242)","체코(1,189)","튀르키예(1,093)",일본(956),스페인(700),미국(318),튀니지(303),덴마크(129),태국(125),인도네시아(84),대만(82),키프로스(70),루마니아(63),멕시코(63),스웨덴(41),오스트리아(41),남아프리카공화국(25),브라질(17),캐나다(15),포르투갈(13),노르웨이(11),"78,235",9.4,"8,183",-4.6,"71,532",10.5,"8,573",93.5,"64,727",-2.2,"4,430",2.2
54,크로아티아,"73,397","24,362","-49,035",1,0.0,10.9,17.9,0.2,0,"독일(30,329)","폴란드(13,235)","이탈리아(7,349)","슬로베니아(4,193)","오스트리아(3,891)","헝가리(2,732)","리투아니아(2,667)","스페인(1,302)","벨기에(1,135)","체코(1,036)",덴마크(827),중국(647),영국(566),튀르키예(538),프랑스(536),슬로바키아(520),미국(428),스웨덴(366),아일랜드(282),네덜란드(244),세르비아(181),인도(139),루마니아(102),보스니아 헤르체고비나(60),멕시코(14),에스토니아(13),대만(13),기타국(12),그리스(8),불가리아(8),"73,397",6.0,"24,362",6.4,"69,215",31.1,"22,902",37.7,"52,811",-2.8,"16,634",1.5
55,불가리아,"69,279","18,286","-50,993",69,0.1,13.9,7.4,0.2,76,"중국(18,642)","독일(14,037)","이탈리아(7,999)","스페인(6,670)","체코(5,099)","폴란드(4,762)","튀르키예(1,951)","루마니아(1,637)","영국(1,571)","헝가리(1,406)","인도(1,382)",프랑스(765),미국(547),일본(387),덴마크(381),그리스(305),네덜란드(291),벨기에(199),리투아니아(180),대만(169),오스트리아(130),벨라루스(90),스웨덴(79),라트비아(78),멕시코(76),한국(69),슬로바키아(63),러시아연방(42),남아프리카공화국(34),브라질(34),"69,279",-1.0,"18,286",-3.4,"69,974",16.6,"18,937",25.3,"60,019",13.4,"15,114",26.8
56,홍콩,"79,154","37,292","-41,862",266,0.3,0.7,9.7,0.2,193,"영국(13,299)","중국(12,210)","미국(8,712)","독일(8,065)","싱가포르(7,740)","말레이시아(6,700)","일본(6,538)","이탈리아(2,323)","아랍에미리트(1,136)","바레인(1,022)","튀르키예(1,011)",대만(903),루마니아(758),라트비아(490),스페인(317),태국(298),한국(266),쿠웨이트(199),리투아니아(194),네덜란드(183),오만(139),폴란드(139),슬로바키아(114),오스트리아(80),프랑스(75),덴마크(74),벨기에(64),카타르(61),스웨덴(47),헝가리(37),"79,154",-8.7,"37,292",16.1,"86,713",31.8,"32,121",15.9,"65,797",-10.3,"27,725",-15.3
57,페루,"72,296","1,122","-71,175","3,314",4.6,8.6,11.0,0.2,"2,737","중국(16,016)","미국(16,014)","멕시코(8,443)","브라질(5,534)","한국(3,314)","일본(2,627)","독일(2,462)","태국(2,384)","싱가포르(1,968)","콜롬비아(1,264)","이탈리아(1,217)",튀르키예(964),인도(838),스웨덴(835),대만(750),스페인(465),영국(340),캐나다(337),프랑스(269),폴란드(258),루마니아(172),체코(167),슬로바키아(141),인도네시아(136),오스트리아(136),덴마크(104),칠레(76),그리스(73),아르헨티나(67),헝가리(41),"72,296",14.1,"1,122",-40.1,"63,359",7.9,"1,874",-16.9,"58,712",14.0,"2,255",45.8
58,이집트,"65,812","2,902","-62,910","6,856",10.4,7.4,19.9,0.1,"8,365","중국(11,450)","한국(6,856)","튀르키예(6,176)","이탈리아(3,415)","독일(2,326)","일본(2,317)","인도(2,071)","스페인(1,401)",브라질(958),체코(819),대만(795),미국(637),폴란드(601),태국(590),그리스(554),말레이시아(525),루마니아(430),멕시코(387),영국(338),보스니아 헤르체고비나(303),프랑스(276),헝가리(154),벨기에(153),알제리(121),인도네시아(105),네덜란드(90),튀니지(78),모로코(75),남아프리카공화국(67),캐나다(51),"65,812",-19.1,"2,902",0.2,"81,340",77.7,"2,895",45.9,"45,785",6.9,"1,984",14.8
59,이라크,"59,006",0,"-59,005","10,575",17.9,-,3.6,0.1,"10,575","중국(37,476)","한국(10,575)","튀르키예(3,563)","일본(1,314)",인도(956),독일(789),대만(532),스페인(378),이탈리아(354),말레이시아(282),태국(255),그리스(174),네덜란드(75),미국(58),프랑스(44),폴란드(40),체코(37),영국(18),벨기에(9),스웨덴(5),헝가리(3),싱가포르(3),캐나다(1),-,-,-,-,-,-,-,"59,006",-1.6,0,-84.9,"59,966",9.1,2,"17,646.2","54,941",21.4,0,-94.3
60,그리스,"57,031","24,297","-32,734",114,0.2,8.8,9.6,0.1,766,"독일(18,165)","중국(10,491)","이탈리아(9,127)","폴란드(4,027)","벨기에(3,861)","헝가리(2,132)","불가리아(1,901)","튀르키예(1,865)","스페인(1,823)","리투아니아(1,217)",루마니아(431),프랑스(399),인도(291),영국(247),일본(233),인도네시아(124),한국(114),오스트리아(108),대만(108),덴마크(72),미국(57),체코(56),아랍에미리트(53),네덜란드(37),키프로스(15),호주(12),스웨덴(10),슬로바키아(7),핀란드(6),크로아티아(6),"57,031",5.2,"24,297",0.0,"54,214",14.1,"24,290",14.7,"47,502",21.9,"21,174",7.9
61,뉴질랜드,"52,367",901,"-51,466",838,1.6,4.5,0.8,0.1,318,"중국(15,932)","독일(5,465)","호주(4,820)","이탈리아(4,479)","일본(4,121)","미국(3,002)","태국(1,714)","대만(1,425)","영국(1,252)","스페인(1,129)",폴란드(961),한국(838),멕시코(540),튀르키예(470),스웨덴(460),인도(431),프랑스(345),체코(338),싱가포르(208),말레이시아(113),루마니아(102),네덜란드(78),헝가리(72),그리스(66),인도네시아(64),브라질(59),캐나다(55),불가리아(47),오스트리아(40),핀란드(38),"52,367",-9.3,901,16.7,"57,710",12.0,773,64.9,"51,547",-5.2,469,25.2
62,키르기스스탄,"30,995",349,"-30,646",878,2.8,58.1,174.8,0.1,702,"중국(1,592)",한국(878),러시아연방(722),튀르키예(630),카자흐스탄(202),독일(165),스페인(116),이탈리아(116),미국(98),일본(75),오스트리아(67),네덜란드(60),대만(51),멕시코(31),인도(29),파키스탄(26),브라질(25),스웨덴(22),폴란드(21),벨기에(12),아랍에미리트(11),리투아니아(10),체코(9),영국(9),우즈베키스탄(5),슬로바키아(3),-,헝가리(1),크로아티아(1),벨라루스(1),"30,995",32.7,349,125.3,"23,351",468.8,155,-22.8,"4,105",95.8,201,40.8
63,라트비아,"50,737","25,653","-25,084",0,0.0,10.8,9.2,0.1,0,"폴란드(15,178)","독일(14,045)","리투아니아(6,349)","핀란드(3,367)","이탈리아(2,494)","스웨덴(1,831)","에스토니아(1,751)","벨기에(1,397)",스페인(830),덴마크(799),네덜란드(645),튀르키예(479),인도(331),체코(255),중국(179),프랑스(135),노르웨이(123),우크라이나(102),미국(102),영국(102),오스트리아(88),그리스(46),아일랜드(44),벨라루스(14),러시아연방(13),불가리아(10),일본(9),헝가리(7),슬로바키아(2),루마니아(2),"50,737",5.5,"25,653",13.7,"48,079",12.9,"22,565",25.1,"42,578",22.6,"18,033",55.6
64,과테말라,"37,462",423,"-37,040","1,108",3.0,12.6,4.2,0.1,744,"중국(17,206)","멕시코(3,846)","미국(3,179)","일본(2,988)","대만(1,758)","인도(1,275)","브라질(1,119)","한국(1,108)",독일(633),태국(557),콜롬비아(403),스페인(229),이탈리아(212),캐나다(161),폴란드(152),체코(130),헝가리(114),인도네시아(103),남아프리카공화국(82),루마니아(79),튀르키예(73),프랑스(71),튀니지(63),영국(51),파나마(50),스웨덴(46),에스토니아(28),베트남(25),덴마크(22),미얀마(22),"37,462",5.7,423,24.5,"35,450",2.8,340,-48.7,"34,489",16.6,662,2.3
65,보스니아 헤르체고비나,"48,121","9,074","-39,047",75,0.2,22.0,54.2,0.1,-,"중국(9,560)","이탈리아(3,953)","독일(2,596)","스페인(2,202)","폴란드(2,133)","체코(1,498)",튀르키예(826),인도(694),루마니아(551),영국(541),그리스(254),프랑스(154),벨라루스(143),슬로바키아(134),세르비아(109),한국(75),헝가리(72),불가리아(71),일본(66),미국(61),인도네시아(58),크로아티아(57),스웨덴(42),대만(40),덴마크(40),오스트리아(33),멕시코(24),러시아연방(18),네덜란드(17),브라질(14),"48,121",8.5,"9,074",-13.5,"44,368",119.2,"10,490",204.9,"20,243",1.0,"3,441",61.9
66,튀니지,"43,532","7,790","-35,742",15,0.0,14.1,35.7,0.1,15,"이탈리아(11,597)","영국(2,958)","독일(2,887)","튀르키예(2,502)","프랑스(1,734)",스페인(982),중국(867),태국(852),네덜란드(340),벨기에(273),폴란드(156),그리스(145),인도(46),미국(30),한국(15),대만(10),브라질(5),헝가리(3),루마니아(2),일본(2),스웨덴(1),체코(1),-,-,-,-,-,-,-,-,"43,532",12.6,"7,790",-27.5,"38,656",63.6,"10,748",76.7,"23,630",6.1,"6,083",86.4
67,몰다비아,"34,488","2,183","-32,305",90,0.3,26.4,50.1,0.1,1,"중국(6,526)","독일(3,669)","이탈리아(1,554)","루마니아(1,445)","스페인(1,115)","튀르키예(1,026)",체코(987),폴란드(938),인도(467),영국(338),브라질(205),일본(162),덴마크(161),러시아연방(114),한국(90),미국(84),그리스(83),프랑스(82),벨라루스(75),대만(59),우크라이나(52),헝가리(33),스웨덴(24),포르투갈(24),멕시코(23),슬로바키아(19),네덜란드(12),오스트리아(11),불가리아(8),카자흐스탄(7),"34,488",9.9,"2,183",31.9,"31,384",105.0,"1,656",321.9,"15,312",14.2,392,"2,356.3"
68,에콰도르,"38,805",63,"-38,742","1,339",3.5,3.7,-2.3,0.1,586,"중국(19,187)","일본(2,928)","브라질(2,859)","미국(2,548)","콜롬비아(1,489)","한국(1,339)","이탈리아(1,002)",대만(935),멕시코(846),독일(670),태국(623),인도(235),프랑스(222),체코(217),튀르키예(208),스페인(203),폴란드(113),홍콩(104),루마니아(92),스위스(89),아랍에미리트(57),스웨덴(57),영국(56),벨기에(31),아르헨티나(18),헝가리(17),벨라루스(17),포르투갈(16),인도네시아(15),싱가포르(14),"38,805",-7.7,63,-30.0,"42,057",3.4,90,-9.9,"40,663",26.9,100,-53.3
69,조지아,"24,986","2,214","-22,772",378,1.5,19.4,30.0,0.1,660,"독일(3,752)","중국(3,691)","튀르키예(3,421)","벨기에(1,206)",아랍에미리트(848),이탈리아(525),헝가리(489),한국(378),폴란드(338),네덜란드(318),홍콩(301),벨라루스(215),스페인(178),러시아연방(153),체코(147),일본(139),인도네시아(116),프랑스(97),우크라이나(57),영국(51),리투아니아(45),스웨덴(33),싱가포르(33),대만(23),아르메니아(20),그리스(20),오스트리아(19),에스토니아(18),불가리아(15),슬로바키아(10),"24,986",-7.1,"2,214",-27.8,"26,890",81.9,"3,068",18.7,"14,785",27.4,"2,585",34.4
70,에스토니아,"30,480","7,071","-23,409",293,1.0,7.3,0.5,0.1,0,"독일(6,234)","중국(5,299)","폴란드(4,539)","이탈리아(3,232)","스페인(1,609)","핀란드(1,576)",체코(944),덴마크(926),영국(521),인도(511),튀르키예(458),한국(293),프랑스(264),라트비아(246),미국(232),네덜란드(211),스웨덴(209),슬로바키아(204),일본(180),리투아니아(161),헝가리(142),브라질(135),루마니아(119),벨기에(103),멕시코(59),러시아연방(52),오스트리아(43),에스토니아(41),스위스(36),보스니아 헤르체고비나(22),"30,480",2.4,"7,071",-7.7,"29,756",-1.4,"7,665",10.6,"30,192",13.7,"6,927",-9.8
71,아제르바이잔,"28,535",43,"-28,492","1,903",6.7,19.0,29.4,0.1,"1,114","중국(9,621)","튀르키예(2,986)","한국(1,903)","일본(1,193)","독일(1,059)",러시아연방(936),스페인(603),이탈리아(509),폴란드(486),루마니아(285),영국(278),인도(225),미국(217),태국(155),이란(139),체코(131),프랑스(67),멕시코(40),우크라이나(34),대만(28),브라질(26),우즈베키스탄(21),리투아니아(21),벨라루스(17),인도네시아(12),슬로바키아(11),캐나다(7),불가리아(6),아랍에미리트(6),베트남(4),"28,535",5.9,43,-71.5,"26,952",58.1,153,22.8,"17,044",18.4,124,"10,293.1"
72,케냐,"19,801",0,"-19,800",6,0.0,11.3,22.8,0.0,6,"중국(15,070)","독일(1,079)",튀르키예(472),인도(435),일본(407),남아프리카공화국(359),영국(178),싱가포르(79),벨기에(76),프랑스(64),인도네시아(61),이탈리아(53),호주(46),태국(34),그리스(32),스페인(22),포르투갈(21),미국(15),한국(6),덴마크(5),브라질(3),폴란드(3),말레이시아(2),네덜란드(1),루마니아(1),대만(0),체코(0),-,-,-,"19,801",52.5,0,-99.9,"12,988",-1.1,339,95.6,"13,133",-5.9,174,-79.5
73,쿠웨이트,"25,660",407,"-25,253",787,3.1,6.2,10.0,0.1,787,"일본(5,798)","태국(3,913)","중국(3,276)","독일(3,143)",한국(787),말레이시아(761),인도네시아(666),미국(554),프랑스(481),이탈리아(440),인도(326),스페인(317),영국(211),튀르키예(165),네덜란드(81),호주(64),벨기에(59),폴란드(36),싱가포르(21),대만(6),남아프리카공화국(5),캐나다(3),헝가리(3),스웨덴(3),홍콩(2),브라질(0),-,-,-,-,"25,660",-8.2,407,-65.9,"27,952",31.7,"1,194",117.5,"21,221",26.3,549,97.4
74,룩셈부르크,"21,752","4,517","-17,235",15,0.1,-12.6,4.6,0.0,-,"독일(12,971)","벨기에(3,366)","프랑스(1,661)","이탈리아(1,121)",폴란드(830),기타국(297),체코(253),네덜란드(242),미국(240),중국(192),룩셈부르크(97),영국(53),일본(45),루마니아(43),헝가리(33),인도(24),스위스(20),스웨덴(16),한국(15),튀르키예(13),스페인(10),그리스(8),덴마크(7),슬로바키아(6),멕시코(5),브라질(3),리투아니아(2),대만(1),오스트리아(1),캐나다(0),"21,752",-13.3,"4,517",1.2,"25,077",26.2,"4,463",24.8,"19,867",-6.0,"3,576",13.6
75,필리핀,"23,277","4,316","-18,961",987,4.2,4.1,22.2,0.1,768,"태국(11,795)","중국(3,368)","일본(2,528)",한국(987),말레이시아(676),독일(580),인도네시아(449),미국(363),인도(202),이탈리아(179),폴란드(177),대만(172),영국(172),싱가포르(169),튀르키예(108),네덜란드(101),프랑스(89),스웨덴(81),호주(63),슬로바키아(59),스페인(57),벨기에(51),멕시코(30),핀란드(28),체코(26),루마니아(23),홍콩(22),아랍에미리트(16),그리스(11),헝가리(9),"23,277",16.7,"4,316",-17.9,"19,939",28.0,"5,257",-67.2,"15,580",7.8,"16,022",-67.3
76,리비아,"23,930",5,"-23,924","7,943",33.2,7.9,15.4,0.1,"7,943","중국(9,146)","한국(7,943)","튀르키예(1,792)","이탈리아(1,348)",독일(697),말레이시아(438),대만(228),일본(135),스페인(34),폴란드(32),남아프리카공화국(23),인도(23),영국(17),미국(11),벨기에(8),프랑스(6),인도네시아(5),네덜란드(3),싱가포르(1),리투아니아(0),태국(0),-,-,-,-,-,-,-,-,-,"23,930",2.0,5,-,"23,465",30.7,-,-,"17,958",-3.8,-,-
77,마케도니아,"17,087","26,246","9,160",42,0.2,19.6,52.0,0.0,-,"중국(2,462)","독일(1,547)","이탈리아(1,109)",폴란드(911),튀르키예(885),스페인(460),체코(349),인도(198),미국(193),브라질(173),세르비아(144),영국(136),루마니아(129),벨기에(63),프랑스(59),헝가리(46),그리스(45),일본(43),한국(42),불가리아(24),대만(14),리투아니아(12),멕시코(10),스웨덴(8),슬로바키아(7),태국(7),네덜란드(6),덴마크(5),캐나다(4),모로코(3),"17,087",11.1,"26,246",6.8,"15,383",108.1,"24,576",179.7,"7,393",-0.5,"8,788",-4.3
78,아르메니아,"13,951","1,647","-12,304",214,1.5,23.7,16.3,0.0,-,"중국(4,020)","러시아연방(1,167)",퀴라소(699),독일(592),스페인(561),일본(443),이탈리아(441),미국(257),튀르키예(222),체코(220),한국(214),인도(178),영국(144),폴란드(125),루마니아(102),인도네시아(71),헝가리(62),카자흐스탄(37),프랑스(35),스웨덴(21),벨라루스(17),태국(14),그리스(13),멕시코(10),브라질(7),덴마크(7),슬로바키아(6),아프가니스탄(4),네덜란드(3),포르투갈(2),"13,951",-15.2,"1,647",34.7,"16,452",59.5,"1,223",-47.5,"10,312",80.8,"2,330",288.1
79,방글라데시,"17,823",4,"-17,819",52,0.3,-,9.3,0.0,52,"인도(11,703)","중국(3,290)",인도네시아(965),일본(873),대만(507),태국(234),튀르키예(128),한국(52),싱가포르(22),독일(12),말레이시아(12),캐나다(2),홍콩(2),프랑스(1),스웨덴(1),영국(1),벨기에(1),-,-,-,-,-,-,-,-,-,-,-,-,-,"17,823",-0.3,4,-65.3,"17,869",19.8,12,-82.5,"14,917",16.5,66,122.3
80,코스타리카,"20,367",143,"-20,224",455,2.2,13.1,13.1,0.0,183,"중국(8,056)","미국(2,276)","일본(2,210)","멕시코(1,435)",독일(976),대만(637),한국(455),이탈리아(430),파나마(351),브라질(308),콜롬비아(296),태국(250),스페인(207),영국(187),인도(137),튀르키예(109),루마니아(90),프랑스(65),인도네시아(51),캐나다(43),체코(40),폴란드(37),과테말라(25),헝가리(23),스웨덴(18),말레이시아(15),벨기에(13),홍콩(13),슬로바키아(8),오스트리아(6),"20,367",6.7,143,60.2,"19,083",19.8,89,-21.4,"15,931",21.6,113,68.7
81,레바논,"24,580",21,"-24,559",952,3.9,7.7,37.9,0.1,952,"중국(6,354)","독일(6,339)",한국(952),이탈리아(666),일본(637),프랑스(320),스페인(316),영국(238),말레이시아(193),대만(155),튀르키예(153),벨기에(141),폴란드(76),그리스(49),미국(42),싱가포르(36),태국(35),인도(33),캐나다(25),체코(20),헝가리(14),스웨덴(12),덴마크(12),네덜란드(8),슬로바키아(3),인도네시아(2),브라질(1),리투아니아(0),포르투갈(0),-,"24,580",23.9,21,-97.6,"19,837",53.4,865,"3,617.4","12,931",33.8,23,-80.3
82,카타르,"15,879",97,"-15,782",2,0.0,-2.3,-20.2,0.0,2,"일본(5,168)","독일(2,225)","중국(1,826)","태국(1,455)",영국(450),호주(430),튀르키예(318),인도(302),말레이시아(236),미국(216),프랑스(184),이탈리아(125),그리스(53),캐나다(52),벨기에(47),네덜란드(17),대만(12),스페인(9),싱가포르(9),헝가리(7),브라질(4),슬로바키아(4),체코(4),폴란드(3),오스트리아(2),포르투갈(2),한국(2),홍콩(1),스웨덴(0),인도네시아(0),"15,879",-50.6,97,-20.2,"32,144",28.8,122,69.0,"24,948",12.0,72,-21.4
83,온두라스,"18,412",81,"-18,331",471,2.6,10.4,42.8,0.0,204,"중국(8,512)","멕시코(2,919)","일본(1,764)","미국(1,079)",태국(751),인도(634),대만(576),브라질(539),한국(471),콜롬비아(176),독일(159),이탈리아(140),인도네시아(101),에콰도르(56),스위스(51),튀르키예(41),영국(30),스페인(23),말레이시아(21),싱가포르(19),모잠비크(19),폴란드(18),프랑스(18),체코(16),루마니아(14),캐나다(11),스웨덴(7),기타국(5),슬로바키아(5),이스라엘(4),"18,412",-2.6,81,3.6,"18,901",109.2,78,"2,900.3","9,033",-33.0,3,-96.0
84,알바니아,"18,802",199,"-18,602",20,0.1,37.1,100.0,0.0,2,"중국(2,866)","이탈리아(2,035)","독일(1,519)",체코(789),스페인(714),튀르키예(445),폴란드(346),인도(339),루마니아(308),영국(242),그리스(123),슬로베니아(120),오스트리아(92),프랑스(74),벨기에(64),미국(60),일본(60),불가리아(58),네덜란드(41),대만(34),한국(20),멕시코(19),헝가리(17),태국(16),튀니지(9),세르비아(3),모로코(3),인도네시아(2),슬로바키아(2),덴마크(1),"18,802",5.5,199,-29.2,"17,816",278.9,281,"1,052.2","4,702",-24.1,24,21.4
85,탄자니아,"14,812",430,"-14,382",90,0.6,14.2,16.9,0.0,2,"중국(7,838)","일본(2,355)",독일(671),인도(426),아랍에미리트(305),이탈리아(283),호주(201),그리스(182),남아프리카공화국(148),튀르키예(144),폴란드(131),미국(121),한국(90),태국(84),북한(84),프랑스(83),헝가리(71),벨기에(65),대만(40),영국(38),스페인(24),홍콩(23),체코(19),포르투갈(18),캐나다(15),스웨덴(12),루마니아(12),네덜란드(8),브라질(7),싱가포르(7),"14,812",28.2,430,-11.5,"11,553",6.6,486,"4,438.8","10,836",16.1,11,-40.0
86,요르단,"18,870",19,"-18,851","3,007",15.9,10.5,-9.7,0.0,"3,007","중국(4,898)","한국(3,007)","독일(2,200)","일본(1,355)",튀르키예(727),말레이시아(538),스페인(462),그리스(416),이탈리아(227),대만(204),폴란드(198),싱가포르(192),영국(166),프랑스(155),미국(70),네덜란드(67),체코(52),태국(32),캐나다(32),인도(27),호주(26),벨기에(10),브라질(7),루마니아(3),오스트리아(2),스웨덴(2),리투아니아(1),덴마크(0),-,-,"18,870",-19.3,19,-95.0,"23,396",1.0,372,-49.9,"23,161",48.4,743,334.2
87,오만,"12,207","72,954","60,747",689,5.6,-23.5,-44.4,0.0,689,"일본(3,793)","태국(2,123)","중국(1,414)","독일(1,273)",한국(689),미국(207),말레이시아(166),벨기에(143),인도(131),이탈리아(110),싱가포르(103),튀르키예(86),영국(83),폴란드(65),프랑스(60),호주(55),캐나다(9),스페인(8),스웨덴(5),인도네시아(4),슬로바키아(2),헝가리(1),대만(1),네덜란드(1),오스트리아(0),포르투갈(0),-,-,-,-,"12,207",-69.3,"72,954",-23.0,"39,703",0.4,"94,693",75.7,"39,539",-9.6,"53,899",8.0
88,엘살바도르,"15,467","1,920","-13,546",418,2.7,4.7,-11.7,0.0,468,"중국(8,261)","멕시코(1,638)","대만(1,090)",일본(922),미국(860),한국(418),인도(337),브라질(310),스위스(242),독일(199),이탈리아(187),태국(128),캐나다(119),콜롬비아(105),오스트리아(92),인도네시아(68),스페인(56),영국(23),체코(21),덴마크(18),루마니아(15),튀르키예(14),폴란드(8),말레이시아(5),슬로바키아(4),베트남(4),볼리비아(3),홍콩(3),스웨덴(3),아이슬란드(2),"15,467",-3.9,"1,920",-2.7,"16,091",-18.9,"1,974",11.4,"19,847",26.0,"1,772",22.1
89,우루과이,"13,596","3,792","-9,804",17,0.1,20.6,21.0,0.0,17,"브라질(3,726)","프랑스(2,296)","중국(1,451)","튀르키예(1,088)",독일(742),이탈리아(229),스페인(162),미국(140),인도(81),벨기에(60),영국(20),한국(17),일본(14),네덜란드(9),대만(4),남아프리카공화국(4),폴란드(3),스웨덴(2),캐나다(2),체코(1),포르투갈(0),헝가리(0),태국(0),-,-,-,-,-,-,-,"13,596",18.2,"3,792",-63.3,"11,505",23.9,"10,320",30.5,"9,284",47.3,"7,908",13.3
90,도미니카공화국,"21,073",372,"-20,701",930,4.4,8.7,-6.3,0.0,523,"중국(10,648)","미국(1,926)","일본(1,418)","멕시코(1,042)",한국(930),브라질(794),대만(649),독일(533),이탈리아(273),태국(268),스페인(212),인도(108),파나마(94),영국(89),스웨덴(61),체코(59),루마니아(55),인도네시아(52),프랑스(50),콜롬비아(46),말레이시아(45),폴란드(44),벨기에(32),캐나다(32),홍콩(23),튀르키예(23),남아프리카공화국(17),코스타리카(10),헝가리(10),중앙아프리카공화국(8),"21,073",9.6,372,-50.8,"19,220",-20.0,755,84.5,"24,025",43.5,409,-79.2
91,베네수엘라,"12,893",13,"-12,880",21,0.2,-,23.4,0.0,21,"중국(10,748)",미국(856),브라질(633),캐나다(224),튀르키예(161),일본(103),이탈리아(25),독일(22),한국(21),스페인(13),대만(11),태국(9),인도(5),벨기에(1),폴란드(1),프랑스(0),-,-,-,-,-,-,-,-,-,-,-,-,-,-,"12,893",26.5,13,-2.8,"10,192",20.4,14,"2,664.0","8,467",75.4,0,-88.2
92,아이슬란드,"12,113",65,"-12,048",207,1.7,11.9,30.8,0.0,1,"중국(2,642)",독일(784),이탈리아(630),일본(595),미국(417),영국(382),폴란드(360),덴마크(334),스페인(333),네덜란드(287),프랑스(238),한국(207),체코(114),인도(104),스웨덴(83),멕시코(77),튀르키예(71),에스토니아(69),벨기에(66),리투아니아(61),슬로바키아(51),태국(42),루마니아(15),포르투갈(9),대만(8),헝가리(7),남아프리카공화국(6),그리스(6),스위스(5),캐나다(3),"12,113",7.0,65,-32.7,"11,317",59.9,97,1.5,"7,078",0.2,95,-41.4
93,파라과이,"18,042",136,"-17,906","1,895",10.5,9.2,13.1,0.0,"1,625","중국(4,554)","브라질(4,519)","한국(1,895)","일본(1,339)",독일(986),미국(425),튀르키예(343),멕시코(320),홍콩(302),이탈리아(256),포르투갈(193),스페인(125),대만(110),인도(107),파나마(83),인도네시아(76),프랑스(62),아르헨티나(60),태국(54),영국(45),루마니아(42),폴란드(35),스웨덴(29),우루과이(26),핀란드(23),네덜란드(18),볼리비아(14),체코(13),캐나다(12),헝가리(11),"18,042",19.9,136,-51.7,"15,047",6.7,282,-20.0,"14,100",23.7,352,"1,232.4"
94,앙골라,"12,339",16,"-12,323",57,0.5,1.7,-10.4,0.0,-,"중국(2,707)","아랍에미리트(2,332)","포르투갈(1,747)","남아프리카공화국(1,317)",일본(273),벨기에(205),스웨덴(178),독일(154),브라질(137),미국(133),캐나다(129),인도(110),홍콩(99),프랑스(71),한국(57),이탈리아(49),영국(24),나미비아(17),노르웨이(16),스페인(16),네덜란드(16),튀르키예(15),북한(12),나이지리아(9),폴란드(6),태국(4),싱가포르(4),에스토니아(3),에티오피아(2),오스트리아(2),"12,339",-39.2,16,-61.1,"20,281",32.0,42,-70.0,"15,359",89.0,139,919.9
95,키프로스,"8,815",195,"-8,621",128,1.5,6.2,8.8,0.0,1,"독일(3,152)","이탈리아(1,422)","아일랜드(1,056)",벨기에(679),인도네시아(544),그리스(529),스페인(346),영국(177),폴란드(147),중국(145),한국(128),네덜란드(101),스웨덴(83),일본(53),체코(52),프랑스(37),에스토니아(31),덴마크(23),헝가리(21),말레이시아(13),대만(13),싱가포르(12),슬로베니아(12),슬로바키아(10),미국(10),불가리아(9),튀르키예(1),오스트리아(1),홍콩(1),태국(1),"8,815",4.9,195,-78.7,"8,404",12.9,915,257.2,"7,441",11.4,256,419.0
96,몬테네그로,"10,247",327,"-9,920",32,0.3,24.9,55.3,0.0,-,"중국(2,332)","독일(1,630)",이탈리아(296),프랑스(278),루마니아(216),체코(215),영국(182),튀르키예(112),인도(108),세르비아(106),그리스(102),미국(57),폴란드(51),스페인(46),일본(46),헝가리(38),한국(32),네덜란드(13),덴마크(12),태국(8),모로코(8),오스트리아(7),크로아티아(7),러시아연방(5),슬로바키아(5),슬로베니아(3),대만(2),벨기에(1),브라질(1),스웨덴(1),"10,247",11.6,327,129.8,"9,180",116.1,142,236.6,"4,248",8.7,42,-16.4
97,가나,"12,735",26,"-12,709",-,-,27.4,38.6,0.0,-,"중국(10,960)",남아프리카공화국(261),호주(135),독일(133),네덜란드(132),벨기에(132),인도(98),튀르키예(97),프랑스(71),태국(33),캐나다(33),일본(20),영국(15),스웨덴(13),싱가포르(9),이탈리아(9),대만(2),폴란드(1),브라질(1),-,-,-,-,-,-,-,-,-,-,-,"12,735",130.3,26,-77.7,"5,531",-16.5,115,-43.8,"6,626",-5.4,204,"1,080.7"
98,예멘,"11,138",-,-,282,2.5,134.9,-6.7,0.0,282,"일본(4,752)","중국(4,302)","튀르키예(1,240)",말레이시아(454),한국(282),태국(42),인도네시아(17),독일(12),대만(10),인도(9),영국(2),벨기에(2),프랑스(1),-,-,-,-,-,-,-,-,-,-,-,-,-,-,-,-,-,"11,138",4.2,-,-,"10,693",-16.5,-,-,"12,807",5.7,0,-
99,자메이카,"7,033",2,"-7,031",-,-,9.1,16.3,0.0,-,"중국(3,137)","일본(1,299)","미국(1,094)",독일(590),벨기에(45),태국(44),캐나다(36),영국(31),인도(5),프랑스(5),튀르키예(4),브라질(3),헝가리(2),덴마크(2),홍콩(1),네덜란드(0),인도네시아(0),리투아니아(0),-,-,-,-,-,-,-,-,-,-,-,-,"7,033",40.6,2,-83.0,"5,003",-3.7,10,283.9,"5,195",25.3,3,13.2
100,모리셔스,"6,061",4,"-6,057",185,3.1,7.0,11.0,0.0,13,중국(877),일본(740),독일(458),인도네시아(381),말레이시아(350),이탈리아(347),인도(341),태국(302),대만(192),한국(185),스페인(145),미국(102),영국(100),프랑스(77),체코(68),남아프리카공화국(57),폴란드(52),루마니아(46),아랍에미리트(42),싱가포르(23),슬로바키아(20),튀르키예(15),멕시코(14),에스토니아(10),오스트리아(10),뉴질랜드(9),스웨덴(8),튀니지(7),모로코(5),네덜란드(4),"6,061",3.1,4,-79.6,"5,876",19.5,17,478.5,"4,917",14.9,3,-79.1
101,브루나이,895,2,-892,55,6.2,-8.1,-26.7,0.0,39,중국(308),싱가포르(176),일본(83),말레이시아(77),독일(60),한국(55),이탈리아(22),태국(11),프랑스(10),미국(7),스웨덴(7),영국(6),폴란드(6),인도(5),대만(5),체코(5),스페인(4),루마니아(2),헝가리(2),인도네시아(1),네덜란드(1),벨기에(0),-,-,-,-,-,-,-,-,895,-48.2,2,-77.0,"1,728",3.8,10,594.6,"1,664",-20.3,2,-75.3
102,르완다,677,0,-677,-,-,-10.8,-29.6,0.0,-,중국(398),남아프리카공화국(180),독일(37),일본(4),벨기에(4),튀르키예(2),인도(2),리투아니아(2),포르투갈(2),헝가리(1),오스트리아(0),프랑스(0),-,-,-,-,-,-,-,-,-,-,-,-,-,-,-,-,-,-,677,-51.8,0,-98.7,"1,406",3.0,8,-66.1,"1,366",72.9,23,119.3
103,파나마,"11,176","1,036","-10,141",875,7.8,-10.5,4.9,0.0,820,"중국(2,669)","미국(1,302)","파나마(1,174)",일본(989),한국(875),멕시코(669),독일(428),태국(387),이탈리아(174),대만(117),튀르키예(81),스페인(76),인도(72),브라질(59),폴란드(48),남아프리카공화국(45),말레이시아(45),루마니아(33),체코(29),영국(27),프랑스(25),홍콩(22),콜롬비아(14),벨기에(12),캐나다(8),코스타리카(7),스웨덴(6),싱가포르(5),그리스(5),아랍에미리트(3),"11,176",-22.1,"1,036",-16.5,"14,339",41.1,"1,240",118.8,"10,161",24.9,567,"24,955.1"
104,스리랑카,"9,725",9,"-9,716",48,0.5,3.9,37.6,0.0,4,"인도(3,377)","일본(2,961)","중국(1,133)",스페인(561),태국(355),인도네시아(299),말레이시아(271),독일(151),대만(127),영국(66),싱가포르(53),한국(48),폴란드(41),프랑스(41),이탈리아(26),아랍에미리트(22),벨기에(15),홍콩(14),튀르키예(12),호주(11),미국(9),스웨덴(4),체코(3),파키스탄(3),헝가리(2),네덜란드(1),브라질(1),에스토니아(1),덴마크(1),리투아니아(1),"9,725",35.8,9,-70.8,"7,162",39.4,30,98.7,"5,136",-50.5,15,-6.4
105,볼리비아,"10,284",189,"-10,095",82,0.8,0.5,-6.6,0.0,12,"중국(4,013)","브라질(1,896)","일본(1,285)",멕시코(447),페루(357),미국(288),튀르키예(270),이탈리아(197),독일(178),태국(143),스웨덴(142),영국(90),인도(87),인도네시아(87),한국(82),대만(49),프랑스(38),스페인(38),싱가포르(26),콜롬비아(25),그리스(22),캐나다(21),헝가리(17),폴란드(17),루마니아(17),스위스(13),체코(9),러시아연방(5),에스토니아(5),이스라엘(5),"10,284",-22.6,189,-1.4,"13,284",12.6,191,167.0,"11,799",22.1,72,39.5
106,나이지리아,"3,492",8,"-3,483",2,0.1,25.4,51.4,0.0,4,"중국(1,563)",일본(285),벨기에(162),독일(141),이탈리아(96),미국(91),브라질(60),영국(49),프랑스(40),아랍에미리트(31),노르웨이(30),말레이시아(28),인도(15),태국(13),스웨덴(12),네덜란드(8),남아프리카공화국(5),덴마크(3),포르투갈(3),스페인(2),오스트리아(2),폴란드(2),한국(2),싱가포르(2),대만(2),인도네시아(1),튀르키예(1),체코(1),루마니아(1),스위스(1),"3,492",27.0,8,-66.9,"2,749",80.5,26,"2,699.1","1,523",6.3,1,793.1
107,에티오피아,"2,925",-,-,-,-,-13.2,-37.7,0.0,-,"중국(1,141)",일본(542),인도(290),이탈리아(195),남아프리카공화국(194),태국(140),독일(44),네덜란드(39),미국(21),튀르키예(11),홍콩(3),영국(3),덴마크(3),폴란드(2),프랑스(2),브라질(1),벨기에(0),-,-,-,-,-,-,-,-,-,-,-,-,-,"2,925",-60.4,-,-,"7,390",-1.8,8,"1,066.7","7,526",39.9,1,-96.2
108,몽골,"8,779",83,"-8,695",90,1.0,24.0,46.3,0.0,90,"중국(3,022)","싱가포르(1,325)","일본(1,203)",네덜란드(454),이탈리아(356),헝가리(355),독일(148),튀르키예(121),호주(98),미국(91),한국(90),프랑스(19),인도네시아(15),태국(14),캐나다(12),영국(9),대만(6),체코(3),폴란드(1),스위스(1),스페인(1),인도(1),리투아니아(0),-,-,-,-,-,-,-,"8,779",25.0,83,-75.4,"7,023",71.2,339,69.0,"4,103",34.5,201,46.7
109,기니,"9,225",-,-,-,-,-,35.3,0.0,-,"중국(6,320)","프랑스(1,034)",벨기에(139),튀르키예(132),독일(73),인도(51),영국(23),네덜란드(23),덴마크(13),포르투갈(8),남아프리카공화국(3),이탈리아(3),캐나다(2),폴란드(1),-,-,-,-,-,-,-,-,-,-,-,-,-,-,-,-,"9,225",38.5,-,-,"6,662",32.2,15,96.8,"5,039",19.5,8,264.0
110,쿠바,"2,449",4,"-2,446",31,1.3,-,-31.9,0.0,31,중국(692),스페인(198),네덜란드(137),독일(120),포르투갈(93),프랑스(81),미국(78),캐나다(66),멕시코(47),한국(31),튀르키예(28),이탈리아(14),브라질(12),벨기에(12),인도(4),일본(2),리투아니아(1),체코(0),-,-,-,-,-,-,-,-,-,-,-,-,"2,449",-8.4,4,-,"2,673",-49.4,-,-,"5,288",245.9,3,"67,700.0"
111,바레인,"12,877","1,031","-11,845",190,1.5,-5.7,21.2,0.0,190,"일본(4,505)","태국(4,405)",중국(775),호주(463),이탈리아(206),영국(201),한국(190),오스트리아(153),프랑스(97),튀르키예(59),인도(59),벨기에(44),말레이시아(37),미국(19),네덜란드(15),캐나다(12),스페인(8),대만(6),싱가포르(4),슬로바키아(3),루마니아(2),폴란드(2),스웨덴(2),인도네시아(0),-,-,-,-,-,-,"12,877",-18.7,"1,031",-85.1,"15,845",80.6,"6,917",113.8,"8,772",22.4,"3,234",-9.9
112,나미비아,"9,317",150,"-9,167",33,0.4,8.3,6.6,0.0,-,"남아프리카공화국(3,012)","중국(1,179)","미국(1,157)",일본(956),기타국(638),독일(522),태국(387),이탈리아(202),인도(135),프랑스(124),보츠와나(118),체코(100),스페인(79),폴란드(73),영국(65),아랍에미리트(58),브라질(40),한국(33),노르웨이(28),튀르키예(26),대만(24),스웨덴(19),헝가리(19),덴마크(18),루마니아(17),인도네시아(16),말레이시아(10),벨기에(10),멕시코(8),네덜란드(6),"9,317",-11.1,150,-65.5,"10,484",27.9,433,233.6,"8,196",19.2,130,122.3
113,타지키스탄,"8,847",11,"-8,836",267,3.0,62.5,158.2,0.0,267,"중국(4,514)","이탈리아(1,230)",튀르키예(774),한국(267),독일(197),미국(91),슬로바키아(63),폴란드(33),리투아니아(29),헝가리(13),스페인(12),일본(12),프랑스(9),체코(6),덴마크(1),영국(1),-,-,-,-,-,-,-,-,-,-,-,-,-,-,"8,847",805.4,11,"3,419.2",977,-26.4,0,-,"1,327",52.2,-,-
114,콩고민주공화국,"6,921",0,"-6,921",27,0.4,11.5,14.3,0.0,27,"중국(4,506)","남아프리카공화국(1,272)",영국(200),인도(123),벨기에(115),독일(80),오스트리아(68),한국(27),브라질(25),프랑스(22),이탈리아(12),덴마크(6),일본(4),튀르키예(3),스웨덴(2),태국(2),네덜란드(1),스위스(1),-,-,-,-,-,-,-,-,-,-,-,-,"6,921",-42.2,0,-92.1,"11,981",126.0,2,90.0,"5,302",30.2,1,-93.9
115,모잠비크,"5,299",45,"-5,255",4,0.1,13.7,16.3,0.0,24,"남아프리카공화국(2,520)",미국(892),중국(813),아르헨티나(146),아랍에미리트(129),포르투갈(126),독일(121),인도(88),일본(48),태국(38),프랑스(36),이탈리아(35),호주(29),벨기에(27),영국(20),스페인(15),홍콩(13),짐바브웨(12),체코(7),튀르키예(6),한국(4),멕시코(4),브라질(3),폴란드(3),헝가리(3),잠비아(3),루마니아(1),나미비아(1),에스토니아(1),스위스(1),"5,299",-3.9,45,-17.9,"5,514",40.7,54,-66.6,"3,918",45.5,163,-43.6
116,우간다,"4,254",228,"-4,027",16,0.4,28.1,18.2,0.0,6,"중국(2,072)",남아프리카공화국(661),아랍에미리트(587),인도(206),일본(114),네덜란드(62),태국(54),호주(50),러시아연방(49),독일(40),프랑스(40),벨기에(33),영국(27),미국(16),한국(16),튀르키예(14),포르투갈(13),이탈리아(6),인도네시아(6),스페인(3),폴란드(2),아르헨티나(1),멕시코(1),케냐(1),브라질(1),홍콩(1),헝가리(1),체코(0),모잠비크(0),나미비아(0),"4,254",30.3,228,104.9,"3,264",7.1,111,-88.8,"3,048",58.8,992,"1,450.1"
117,수단,"1,887",-,-,-,-,-,-46.1,0.0,-,"중국(1,248)",인도(417),튀르키예(152),남아프리카공화국(20),대만(19),독일(5),덴마크(3),프랑스(3),체코(2),벨기에(0),-,-,-,-,-,-,-,-,-,-,-,-,-,-,-,-,-,-,-,-,"1,887",-50.0,-,-,"3,771",-42.0,1,-,"6,497",26.8,-,-
118,미얀마,"1,054",4,"-1,050",1,0.1,-19.6,-26.7,0.0,67,중국(792),태국(180),대만(19),일본(10),인도(9),인도네시아(6),폴란드(4),이탈리아(4),싱가포르(3),스페인(3),독일(2),스웨덴(2),튀르키예(1),벨기에(1),체코(1),미국(1),한국(1),헝가리(0),말레이시아(0),영국(0),-,-,-,-,-,-,-,-,-,-,"1,054",-25.9,4,172.4,"1,422",-27.5,1,-77.1,"1,960",86.2,6,253.9
119,파푸아뉴기니,"7,813",133,"-7,680",43,0.5,7.4,20.1,0.0,43,"호주(5,461)","중국(1,472)",일본(264),태국(134),이탈리아(113),대만(87),말레이시아(65),한국(43),인도(13),스페인(8),프랑스(8),영국(6),미국(4),인도네시아(3),싱가포르(2),네덜란드(1),홍콩(0),-,-,-,-,-,-,-,-,-,-,-,-,-,"7,813",31.4,133,"7,446.4","5,948",9.9,2,26.1,"5,414",49.4,1,125.8
120,아프가니스탄,"6,854",9,"-6,844",-,-,-,32.4,0.0,-,"중국(6,355)",튀르키예(319),인도(42),체코(33),독일(20),스페인(11),프랑스(3),일본(2),캐나다(0),-,-,-,-,-,-,-,-,-,-,-,-,-,-,-,-,-,-,-,-,-,"6,854",24.4,9,"2,189.6","5,507",40.9,0,291.3,"3,910",-4.3,0,-79.8
121,코트디부아르,"6,601",100,"-6,501",54,0.8,11.1,5.8,0.0,52,중국(946),프랑스(717),기타국(685),아랍에미리트(368),미국(222),이탈리아(190),일본(182),독일(151),남아프리카공화국(150),인도(120),벨기에(57),폴란드(54),한국(54),영국(49),태국(48),브라질(40),네덜란드(37),홍콩(34),튀르키예(32),스페인(26),모로코(26),스웨덴(23),체코(18),포르투갈(18),대만(17),헝가리(14),핀란드(9),멕시코(9),루마니아(8),아일랜드(7),"6,601",10.8,100,441.5,"5,960",1.1,18,-64.0,"5,895",8.6,51,34.9
122,보츠와나,"7,530",11,"-7,520",-,-,15.5,52.7,0.0,-,"남아프리카공화국(6,959)",중국(464),호주(52),싱가포르(32),폴란드(4),프랑스(4),일본(3),인도(2),튀르키예(1),네덜란드(0),-,-,-,-,-,-,-,-,-,-,-,-,-,-,-,-,-,-,-,-,"7,530",74.3,11,-96.3,"4,319",33.7,285,-21.9,"3,231",-22.2,364,-25.5
123,마다가스카르,"4,260",-,-,30,0.7,9.4,13.0,0.0,30,"중국(3,149)",독일(195),프랑스(145),남아프리카공화국(89),튀르키예(88),인도(83),그리스(51),한국(30),네덜란드(23),대만(8),태국(5),이탈리아(4),벨기에(3),폴란드(1),-,-,-,-,-,-,-,-,-,-,-,-,-,-,-,-,"4,260",8.9,-,-,"3,912",17.2,1,-,"3,338",34.0,-,-
124,네팔,"4,830",1,"-4,829",19,0.4,14.8,17.9,0.0,19,"인도(3,828)",중국(862),태국(64),대만(21),한국(19),체코(7),일본(6),남아프리카공화국(3),말레이시아(2),프랑스(2),영국(2),싱가포르(2),독일(2),튀르키예(1),인도네시아(0),-,-,-,-,-,-,-,-,-,-,-,-,-,-,-,"4,830",13.6,1,-94.6,"4,254",22.5,21,918.0,"3,472",-18.3,2,-12.9
125,잠비아,"7,301",244,"-7,057",24,0.3,13.1,-5.7,0.0,-,"독일(1,636)","일본(1,612)","남아프리카공화국(1,070)",미국(774),중국(634),아랍에미리트(351),영국(280),벨기에(125),덴마크(112),인도(96),이탈리아(95),튀르키예(50),프랑스(40),한국(24),체코(21),호주(19),싱가포르(18),대만(18),핀란드(17),폴란드(15),네덜란드(8),페루(8),홍콩(7),스웨덴(7),캐나다(7),스위스(6),파나마(6),탄자니아(4),브라질(4),포르투갈(4),"7,301",2.8,244,322.7,"7,102",-13.5,58,-67.9,"8,208",41.7,180,190.6
126,카메룬,"5,669",2,"-5,667",-,-,17.0,73.4,0.0,-,"중국(4,744)",프랑스(120),그리스(86),남아프리카공화국(83),독일(61),벨기에(44),튀르키예(41),스페인(41),미국(22),폴란드(11),이탈리아(11),일본(6),인도(6),영국(6),덴마크(4),브라질(1),-,-,-,-,-,-,-,-,-,-,-,-,-,-,"5,669",150.5,2,-98.7,"2,263",20.1,132,387.4,"1,885",-22.2,27,55.4
127,짐바브웨,"4,789",15,"-4,774",-,-,11.7,-0.2,0.0,-,"남아프리카공화국(2,127)","중국(1,333)",아랍에미리트(519),독일(191),영국(166),홍콩(84),모리셔스(45),보츠와나(29),튀르키예(23),핀란드(23),미국(21),인도(14),태국(11),프랑스(7),스위스(7),모잠비크(7),벨기에(5),"버진아일랜드,영(4)",일본(3),아일랜드(2),케냐(2),포르투갈(2),네덜란드(1),체코(1),바레인(0),스페인(0),에스토니아(0),호주(0),베트남(0),나이지리아(0),"4,789",-1.2,15,-65.2,"4,850",0.8,43,84.6,"4,809",-1.7,24,"123,636.8"
128,마카오,"4,626",12,"-4,614",0,0.0,94.5,-46.3,0.0,18,"일본(4,254)",독일(99),중국(65),스페인(23),이탈리아(23),오스트리아(11),프랑스(11),홍콩(7),미국(6),영국(6),대만(3),체코(2),네덜란드(2),태국(1),폴란드(1),벨기에(0),한국(0),인도(0),-,-,-,-,-,-,-,-,-,-,-,-,"4,626",-44.5,12,45.2,"8,342",-48.0,8,"7,647.2","16,049",198.3,0,-100.0
129,트리니다드토바고,"4,568",26,"-4,542",372,8.1,1.1,-0.8,0.0,285,"중국(1,429)",일본(599),한국(372),미국(312),멕시코(299),독일(236),태국(149),이탈리아(130),대만(122),영국(89),스페인(66),파나마(64),인도(59),폴란드(58),체코(23),말레이시아(17),인도네시아(17),루마니아(13),튀르키예(11),홍콩(10),캐나다(10),브라질(9),싱가포르(6),콜롬비아(5),스웨덴(4),헝가리(3),스위스(3),룩셈부르크(2),프랑스(2),아랍에미리트(2),"4,568",-18.8,26,-40.0,"5,625",21.3,44,"3,665.9","4,638",32.1,1,-97.9
130,세네갈,"2,906",387,"-2,519",0,0.0,15.6,49.8,0.0,0,모리셔스(494),미국(440),프랑스(414),독일(203),중국(203),아랍에미리트(96),그리스(62),벨기에(62),일본(53),남아프리카공화국(50),베트남(18),스페인(15),튀르키예(13),인도(10),네덜란드(8),스위스(8),캐나다(4),기타국(4),영국(4),이탈리아(4),포르투갈(3),이집트(3),불가리아(2),나이지리아(1),모로코(1),아르헨티나(1),폴란드(1),모리타니아(1),마카오(1),가나(1),"2,906",24.9,387,504.9,"2,327",79.7,64,370.3,"1,295",10.8,14,107.2
131,몰타,"2,657","1,321","-1,335",55,2.1,13.4,24.3,0.0,0,이탈리아(964),독일(401),영국(224),네덜란드(169),벨기에(119),폴란드(113),튀르키예(109),일본(76),아일랜드(74),그리스(72),중국(56),한국(55),프랑스(46),인도(32),스페인(27),미국(23),대만(22),말레이시아(15),스웨덴(13),키프로스(10),에스토니아(5),슬로바키아(5),라트비아(5),덴마크(5),베트남(3),홍콩(3),노르웨이(2),호주(1),스위스(1),오스트리아(1),"2,657",21.6,"1,321",-83.5,"2,185",27.1,"8,021",126.2,"1,720",3.6,"3,546",41.8
132,가이아나,"2,484",0,"-2,484",7,0.3,15.5,8.2,0.0,-,"중국(1,459)",미국(379),일본(211),대만(58),영국(55),브라질(45),멕시코(30),스웨덴(23),파나마(19),수리남(17),태국(17),네덜란드(15),튀르키예(13),이탈리아(13),인도(11),벨기에(9),트리니다드토바고(7),덴마크(7),한국(7),아랍에미리트(6),독일(5),홍콩(4),폴란드(4),캐나다(3),스위스(1),자메이카(1),남아프리카공화국(1),페루(1),포르투갈(0),프랑스(0),"2,484",-6.4,0,-98.1,"2,654",25.1,17,962.6,"2,122",41.7,2,-77.4
133,캄보디아,"2,405",12,"-2,393",19,0.8,60.7,145.3,0.0,73,중국(884),미국(670),태국(519),일본(113),폴란드(47),멕시코(24),독일(24),이탈리아(22),한국(19),인도(17),영국(15),슬로바키아(8),말레이시아(8),불가리아(4),스페인(4),싱가포르(2),대만(2),프랑스(1),체코(1),루마니아(1),스웨덴(1),헝가리(0),오스트리아(0),베트남(0),튀르키예(0),호주(0),포르투갈(0),네덜란드(0),벨기에(0),몰타(0),"2,405",207.8,12,-32.5,781,95.4,18,329.2,400,22.4,4,-95.0
134,부르키나파소,"1,933",8,"-1,925",9,0.5,11.7,6.4,0.0,-,미국(500),벨기에(95),남아프리카공화국(94),일본(92),독일(80),중국(80),이탈리아(74),프랑스(71),호주(55),네덜란드(54),캐나다(51),폴란드(32),튀르키예(31),태국(26),아랍에미리트(16),그리스(16),영국(14),이집트(12),덴마크(10),한국(9),시에라리온(5),싱가포르(4),멕시코(4),슬로바키아(4),가나(3),인도(2),스페인(1),말리(1),스웨덴(0),브라질(0),"1,933",-32.9,8,-11.4,"2,881",68.7,9,-75.8,"1,707",26.4,38,504.8
135,아이티,"1,480",1,"-1,479",-,-,-,-18.7,0.0,-,"중국(1,136)",미국(282),독일(21),태국(12),브라질(5),일본(2),프랑스(1),인도(0),-,-,-,-,-,-,-,-,-,-,-,-,-,-,-,-,-,-,-,-,-,-,"1,480",-3.2,1,-55.9,"1,528",-31.7,2,431.0,"2,239",11.0,0,-86.1
136,말리,"1,187",4,"-1,183",-,-,22.3,62.4,0.0,-,중국(405),벨기에(86),네덜란드(46),튀르키예(30),남아프리카공화국(28),프랑스(25),독일(18),인도(6),리투아니아(6),이탈리아(2),캐나다(0),-,-,-,-,-,-,-,-,-,-,-,-,-,-,-,-,-,-,-,"1,187",-40.7,4,-81.1,"2,003",345.2,22,-21.1,450,-62.2,28,-46.9
137,니카라과,"6,772",180,"-6,592",160,2.4,11.7,6.9,0.0,103,"중국(2,211)","일본(1,577)",태국(819),미국(504),멕시코(347),브라질(256),인도(228),한국(160),남아프리카공화국(154),대만(115),이탈리아(62),독일(42),튀르키예(41),싱가포르(33),러시아연방(26),벨라루스(17),인도네시아(16),콜롬비아(12),말레이시아(11),영국(7),폴란드(6),프랑스(6),체코(6),슬로바키아(5),아르헨티나(5),오스트리아(5),베트남(4),스페인(3),코스타리카(2),캐나다(1),"6,772",15.0,180,5.5,"5,888",-0.7,171,-16.5,"5,926",6.1,205,154.6
138,투르크메니스탄,"4,870",49,"-4,821",10,0.2,-,13.2,0.0,10,"중국(1,840)","튀르키예(1,661)",독일(467),영국(162),체코(82),대만(26),프랑스(20),일본(17),한국(10),싱가포르(8),이탈리아(4),리투아니아(0),-,-,-,-,-,-,-,-,-,-,-,-,-,-,-,-,-,-,"4,870",-14.8,49,"6,881.5","5,719",50.5,1,25.3,"3,801",28.0,1,-84.0
139,지부티,"4,653",6,"-4,647",-,-,-,150.0,0.0,-,"중국(4,264)",인도(227),독일(52),남아프리카공화국(24),프랑스(16),튀르키예(9),네덜란드(6),벨기에(2),말레이시아(1),-,-,-,-,-,-,-,-,-,-,-,-,-,-,-,-,-,-,-,-,-,"4,653","1,529.7",6,-97.8,286,-61.7,289,-75.2,745,-50.4,"1,167","2,628.1"
140,라오스,"3,616",0,"-3,616",73,2.0,33.2,105.6,0.0,73,"중국(1,789)","태국(1,696)",한국(73),싱가포르(20),일본(17),영국(8),말레이시아(5),인도(2),오스트리아(2),호주(1),독일(1),벨기에(1),-,-,-,-,-,-,-,-,-,-,-,-,-,-,-,-,-,-,"3,616",168.0,0,-89.0,"1,349",57.8,2,792.6,855,63.4,0,2.2
141,에스와티니,"3,018",1,"-3,017",-,-,-1.2,-1.6,0.0,-,"남아프리카공화국(3,010)",중국(7),독일(0),-,-,-,-,-,-,-,-,-,-,-,-,-,-,-,-,-,-,-,-,-,-,-,-,-,-,-,"3,018",3.1,1,-98.2,"2,926",-6.1,31,18.0,"3,115",6.0,26,-21.9
142,가봉,"2,392",7,"-2,386",-,-,2.6,-14.7,0.0,-,"중국(1,087)",미국(174),프랑스(137),폴란드(121),남아프리카공화국(104),독일(68),인도(53),튀르키예(42),벨기에(37),스페인(37),대만(28),싱가포르(25),네덜란드(21),태국(12),이탈리아(8),포르투갈(3),-,-,-,-,-,-,-,-,-,-,-,-,-,-,"2,392",-32.0,7,-37.4,"3,520",7.0,10,100.6,"3,288",61.6,5,-33.7
143,뉴캘러도니아,"2,127",1,"-2,126",13,0.6,-,40.6,0.0,13,프랑스(502),독일(169),이탈리아(144),벨기에(90),중국(66),미국(40),폴란드(37),네덜란드(32),일본(24),호주(22),영국(17),한국(13),말레이시아(11),튀르키예(10),싱가포르(9),태국(5),헝가리(3),스페인(0),-,-,-,-,-,-,-,-,-,-,-,-,"2,127",-1.7,1,-94.2,"2,164",101.0,16,136.4,"1,077",4.6,7,"1,232.0"
144,폴리네시아(프),"2,109",1,"-2,108",32,1.5,7.4,17.7,0.0,13,기타국(787),프랑스(92),중국(72),독일(60),이탈리아(59),폴란드(37),에스토니아(36),미국(34),한국(32),일본(21),스페인(20),체코(19),태국(14),호주(11),영국(11),인도(11),뉴질랜드(10),브라질(7),튀르키예(7),헝가리(6),네덜란드(6),벨기에(5),포르투갈(5),싱가포르(4),멕시코(2),대만(2),루마니아(2),말레이시아(2),슬로바키아(1),인도네시아(0),"2,109",-5.2,1,"2,193.8","2,225",46.1,0,-,"1,523",0.4,-,-
145,바베이도스,"1,900",1,"-1,899",4,0.2,5.4,7.1,0.0,-,미국(623),일본(190),싱가포르(171),영국(155),인도네시아(113),중국(102),대만(101),독일(83),브라질(66),파나마(49),인도(39),멕시코(36),홍콩(17),헝가리(14),트리니다드토바고(8),태국(7),아랍에미리트(6),그리스(5),마샬 제도(4),한국(4),폴란드(3),세인트루시아(2),프랑스(2),에스토니아(2),슬로바키아(1),덴마크(1),이탈리아(1),말레이시아(1),네덜란드(1),벨기에(1),"1,900",3.3,1,-87.7,"1,840",11.1,6,157.7,"1,656",16.6,2,51.1
146,벨리즈,"1,616",11,"-1,605",7,0.4,19.0,16.8,0.0,-,"미국(1,254)",중국(125),파나마(70),멕시코(30),태국(24),영국(24),과테말라(21),아랍에미리트(16),스위스(8),한국(7),일본(5),프랑스(4),남아프리카공화국(3),벨기에(3),아일랜드(3),독일(3),이탈리아(2),홍콩(2),캐나다(1),대만(1),인도(1),네덜란드(0),브라질(0),-,-,-,-,-,-,-,"1,616",26.9,11,97.3,"1,273",7.6,6,191.3,"1,183",46.9,2,-90.6
147,바하마,"1,602",8,"-1,594",0,0.0,12.1,11.9,0.0,0,"독일(1,161)",미국(284),중국(98),브라질(4),일본(3),영국(1),헝가리(1),한국(0),캐나다(0),인도네시아(0),-,-,-,-,-,-,-,-,-,-,-,-,-,-,-,-,-,-,-,-,"1,602",-2.8,8,-20.1,"1,649",28.9,10,267.3,"1,279",2.9,3,51.1
148,콩고,"1,558",0,"-1,558",-,-,-2.7,0.7,0.0,-,중국(979),프랑스(118),독일(39),벨기에(38),튀르키예(28),그리스(22),남아프리카공화국(16),네덜란드(15),브라질(12),스웨덴(9),인도(7),미국(5),일본(4),태국(1),말레이시아(0),-,-,-,-,-,-,-,-,-,-,-,-,-,-,-,"1,558",6.0,0,-7.1,"1,471",-4.2,0,-94.5,"1,535",-24.2,8,25.2
149,소말리아,"1,482",-,-,-,-,-,14.1,0.0,-,인도(758),중국(426),체코(54),미국(39),이탈리아(38),튀르키예(27),독일(13),일본(9),네덜란드(5),대만(0),태국(0),-,-,-,-,-,-,-,-,-,-,-,-,-,-,-,-,-,-,-,"1,482",9.2,-,-,"1,357",19.4,2,-83.2,"1,137",-23.3,11,"8,982.2"
150,세이셸,"1,407",0,"-1,407",5,0.4,11.5,16.0,0.0,-,아랍에미리트(703),인도(166),남아프리카공화국(124),일본(95),싱가포르(65),중국(63),영국(55),태국(20),미국(16),네덜란드(14),모리셔스(12),프랑스(8),이탈리아(7),독일(5),한국(5),헝가리(4),폴란드(3),말레이시아(3),홍콩(2),덴마크(2),러시아연방(1),아일랜드(1),벨기에(1),에스토니아(1),인도네시아(1),스페인(1),에콰도르(0),케냐(0),불가리아(0),터크스케이커스제도(0),"1,407",23.8,0,-99.9,"1,136",8.7,6,48.5,"1,045",39.4,4,398.4
151,피지,"1,340",11,"-1,329",20,1.5,3.0,-4.8,0.0,38,호주(404),중국(319),일본(146),싱가포르(132),뉴질랜드(90),말레이시아(80),태국(41),대만(34),홍콩(24),한국(20),독일(14),인도네시아(11),미국(9),인도(5),에스토니아(2),영국(0),프랑스(0),튀르키예(0),폴란드(0),-,-,-,-,-,-,-,-,-,-,-,"1,340",-26.1,11,164.4,"1,815",22.8,4,862.2,"1,478",29.7,0,-88.9
152,말라위,"1,313",1,"-1,311",29,2.2,3.4,89.7,0.0,-,남아프리카공화국(388),일본(349),태국(187),중국(154),인도(63),아랍에미리트(31),한국(29),포르투갈(22),인도네시아(20),독일(19),체코(7),이탈리아(6),벨기에(4),영국(3),말레이시아(2),프랑스(2),미국(2),싱가포르(2),폴란드(2),스위스(2),튀르키예(1),홍콩(1),스페인(1),탄자니아(1),네덜란드(1),아르헨티나(1),세네갈(0),캐나다(0),베트남(0),필리핀(0),"1,313",24.5,1,771.0,"1,054",189.1,0,-73.6,365,-69.2,1,-97.1
153,페로 제도,"1,240",17,"-1,224",-,-,-,4.8,0.0,-,덴마크(615),벨기에(3),스웨덴(2),네덜란드(0),스페인(0),포르투갈(0),-,-,-,-,-,-,-,-,-,-,-,-,-,-,-,-,-,-,-,-,-,-,-,-,"1,240",-30.1,17,-83.2,"1,775",57.2,99,20.3,"1,129",-40.7,82,209.3
154,라이베리아,"1,050",1,"-1,049",-,-,-,39.4,0.0,-,튀르키예(504),중국(324),벨기에(33),인도(32),영국(31),미국(19),남아프리카공화국(17),네덜란드(12),프랑스(8),독일(5),말레이시아(3),일본(2),오스트리아(1),-,-,-,-,-,-,-,-,-,-,-,-,-,-,-,-,-,"1,050",43.0,1,-,735,35.8,-,-,541,1.3,0,-
155,토고,942,842,-100,-,-,44.0,57.1,0.0,-,중국(273),남아프리카공화국(108),독일(105),프랑스(96),일본(62),벨기에(27),이탈리아(26),태국(24),튀르키예(17),아랍에미리트(9),인도(5),폴란드(4),멕시코(3),영국(2),네덜란드(1),포르투갈(1),가나(0),-,-,-,-,-,-,-,-,-,-,-,-,-,942,46.6,842,"12,267.7",642,68.3,7,-72.0,382,-13.4,24,-
156,모리타니아,832,0,-832,-,-,104.1,-26.6,0.0,-,미국(322),프랑스(65),벨기에(58),중국(43),튀르키예(41),일본(14),호주(8),네덜란드(8),이탈리아(7),인도(7),폴란드(7),남아프리카공화국(5),리투아니아(2),스웨덴(1),태국(1),스페인(1),독일(0),-,-,-,-,-,-,-,-,-,-,-,-,-,832,-18.1,0,-82.3,"1,016",-34.3,1,220.0,"1,545",4.3,0,-70.4
157,레소토,809,10,-799,-,-,-10.0,1.6,0.0,-,남아프리카공화국(720),중국(54),보츠와나(34),일본(0),-,-,-,-,-,-,-,-,-,-,-,-,-,-,-,-,-,-,-,-,-,-,-,-,-,-,809,12.6,10,-91.0,719,-8.4,114,77.6,784,29.3,64,13.7
158,카보베르데,796,0,-795,2,0.3,15.8,61.7,0.0,-,포르투갈(350),세네갈(146),중국(23),브라질(17),아랍에미리트(13),미국(11),튀르키예(7),이탈리아(5),네덜란드(4),한국(2),독일(2),스페인(2),폴란드(1),프랑스(1),에스토니아(1),남아프리카공화국(1),기타국(1),나이지리아(1),벨기에(0),영국령 인도양 지역(0),모로코(0),-,-,-,-,-,-,-,-,-,796,11.4,0,-89.8,714,134.6,1,2.0,304,-28.2,1,112.3
159,차드,756,5,-750,-,-,-,63.0,0.0,-,중국(470),프랑스(122),튀르키예(34),체코(2),독일(1),남아프리카공화국(0),영국(0),-,-,-,-,-,-,-,-,-,-,-,-,-,-,-,-,-,-,-,-,-,-,-,756,-14.1,5,-,880,209.4,-,-,285,71.1,-,-
160,그레나다,716,0,-716,-,-,6.2,5.3,0.0,-,미국(470),일본(64),중국(47),트리니다드토바고(38),아랍에미리트(34),영국(17),북한(10),캐나다(10),자메이카(7),세인트루시아(5),홍콩(4),세인트빈센트(3),파나마(3),태국(2),인도(1),에스토니아(1),멕시코(0),헝가리(0),네덜란드(0),기타국(0),독일(0),가이아나(0),도미니카(0),-,-,-,-,-,-,-,716,-13.7,0,-78.9,830,28.6,1,"1,373.8",646,14.5,0,-65.7
161,부탄,710,1,-709,2,0.2,-,11.6,0.0,2,인도(695),일본(7),태국(3),싱가포르(3),한국(2),-,-,-,-,-,-,-,-,-,-,-,-,-,-,-,-,-,-,-,-,-,-,-,-,-,710,42.2,1,-,499,-12.5,-,-,570,-10.9,-,-
162,버뮤다,658,1,-657,2,0.3,14.4,19.2,0.0,-,미국(321),영국(102),중국(30),폴란드(21),독일(19),일본(15),헝가리(13),네덜란드(12),트리니다드토바고(8),프랑스(8),이탈리아(5),인도(3),바베이도스(3),말레이시아(2),한국(2),인도네시아(1),튀니지(0),세르비아(0),모로코(0),에리트레아(0),태국(0),-,-,-,-,-,-,-,-,-,658,36.6,1,-,482,4.0,-,-,463,8.5,-,-
163,수리남,646,3,-643,-,-,14.4,1.4,0.0,-,미국(210),태국(103),중국(44),파나마(38),네덜란드(34),싱가포르(17),독일(9),멕시코(7),일본(7),영국(6),스페인(6),튀르키예(4),벨기에(3),캐나다(3),대만(2),말레이시아(2),브라질(2),프랑스(1),남아프리카공화국(0),인도(0),-,-,-,-,-,-,-,-,-,-,646,-51.9,3,-70.6,"1,344",113.9,10,-94.7,628,52.4,186,"2,869.1"
164,세인트루시아,609,-,-,108,17.7,-12.0,21.5,0.0,108,미국(307),한국(108),중국(56),독일(36),일본(30),영국(9),헝가리(7),태국(7),오스트리아(2),벨기에(0),인도(0),인도네시아(0),-,-,-,-,-,-,-,-,-,-,-,-,-,-,-,-,-,-,609,12.0,-,-,544,31.8,-,-,413,21.8,-,-
165,퀴라소,605,0,-604,5,0.9,-,13.2,0.0,5,미국(175),독일(149),브라질(31),네덜란드(22),중국(21),덴마크(13),한국(5),호주(1),헝가리(1),폴란드(0),인도네시아(0),인도(0),-,-,-,-,-,-,-,-,-,-,-,-,-,-,-,-,-,-,605,0.6,0,-,601,27.4,-,-,472,45.5,1,106.2
166,베냉,576,1,-575,-,-,2.1,2.9,0.0,-,중국(237),프랑스(76),벨기에(68),튀르키예(26),남아프리카공화국(16),인도(3),독일(2),대만(1),스웨덴(0),리투아니아(0),-,-,-,-,-,-,-,-,-,-,-,-,-,-,-,-,-,-,-,-,576,36.4,1,3.2,422,-22.4,1,428.6,544,-18.6,0,-83.4
167,안도라,522,4,-518,-,-,21.4,101.1,0.0,-,스페인(227),독일(17),영국(15),슬로베니아(3),프랑스(2),-,-,-,-,-,-,-,-,-,-,-,-,-,-,-,-,-,-,-,-,-,-,-,-,-,522,32.0,4,-97.0,396,206.4,134,"1,289.7",129,-21.0,10,-4.9
168,시에라리온,505,390,-114,-,-,-,13.0,0.0,-,중국(344),남아프리카공화국(39),인도(33),프랑스(7),네덜란드(6),미국(3),호주(3),독일(2),벨기에(2),튀르키예(2),루마니아(0),-,-,-,-,-,-,-,-,-,-,-,-,-,-,-,-,-,-,-,505,-32.6,390,30.7,749,89.7,299,4.1,395,-18.0,287,123.6
169,그린란드,444,104,-340,-,-,-,94.8,0.0,-,덴마크(202),독일(10),네덜란드(7),미국(5),벨기에(1),중국(0),-,-,-,-,-,-,-,-,-,-,-,-,-,-,-,-,-,-,-,-,-,-,-,-,444,-3.6,104,737.4,461,293.9,12,219.5,117,27.8,4,37.4
170,몰디브,299,-,-,1,0.2,9.0,22.0,0.0,1,중국(128),일본(39),인도(27),독일(20),미국(18),프랑스(13),스리랑카(8),홍콩(7),튀르키예(6),모리셔스(5),폴란드(4),영국(4),인도네시아(2),말레이시아(2),남아프리카공화국(2),아랍에미리트(2),이탈리아(2),대만(2),-,한국(1),싱가포르(0),시에라리온(0),스페인(0),에스토니아(0),호주(0),체코(0),캐나다(0),-,-,-,299,-14.6,-,-,350,74.2,2,412.2,201,10.3,0,25.0
171,아루바,236,2,-234,2,1.0,-18.6,-43.6,0.0,2,중국(57),브라질(52),미국(47),독일(29),태국(8),네덜란드(6),한국(2),폴란드(0),오스트리아(0),헝가리(0),인도(0),인도네시아(0),-,-,-,-,-,-,-,-,-,-,-,-,-,-,-,-,-,-,236,-73.5,2,-9.0,890,19.8,2,121.1,743,-0.6,1,117.0
172,사모아 (서사모아),227,0,-227,-,-,-2.3,9.3,0.0,-,호주(85),뉴질랜드(74),중국(26),일본(21),태국(6),홍콩(5),미국(5),피지(4),인도네시아(0),아랍에미리트(0),싱가포르(0),미국령사모아(0),에스토니아(0),-,-,-,-,-,-,-,-,-,-,-,-,-,-,-,-,-,227,-29.2,0,-22.2,320,68.9,0,980.0,190,-35.6,0,-94.1
173,감비아,226,0,-225,-,-,35.5,101.2,0.0,-,독일(42),아랍에미리트(37),영국(36),인도(33),일본(10),폴란드(6),중국(5),네덜란드(5),세네갈(2),모로코(0),리투아니아(0),벨기에(0),미국(0),-,-,-,-,-,-,-,-,-,-,-,-,-,-,-,-,-,226,148.7,0,-89.4,91,62.8,2,-,56,48.4,-,-
174,중앙아프리카공화국,211,0,-211,7,3.4,-14.5,17.2,0.0,7,이탈리아(58),일본(44),중국(36),한국(7),태국(7),네덜란드(1),아랍에미리트(0),인도(0),-,-,-,-,-,-,-,-,-,-,-,-,-,-,-,-,-,-,-,-,-,-,211,35.3,0,-99.0,156,1.5,5,158.8,154,78.1,2,-
175,적도기니,198,0,-197,-,-,-,-30.3,0.0,-,중국(113),미국(49),이탈리아(9),프랑스(6),벨기에(1),남아프리카공화국(0),브라질(0),-,-,-,-,-,-,-,-,-,-,-,-,-,-,-,-,-,-,-,-,-,-,-,198,-56.7,0,-97.4,457,12.4,5,-,406,293.6,-,-
176,동티모르 민주공화국,189,-,-,-,-,-,-28.3,0.0,-,중국(63),일본(51),말레이시아(43),인도네시아(18),태국(12),호주(0),벨기에(0),-,-,-,-,-,-,-,-,-,-,-,-,-,-,-,-,-,-,-,-,-,-,-,189,-60.5,-,-,477,29.9,0,-,367,31.5,-,-
177,앤티가바부다,185,1,-184,0,0.2,-1.0,-3.1,0.0,2,미국(120),대만(20),일본(11),태국(7),트리니다드토바고(4),중국(2),영국(2),독일(1),이탈리아(1),도미니카공화국(1),인도(1),한국(0),헝가리(0),멕시코(0),프랑스(0),폴란드(0),베트남(0),-,-,-,-,-,-,-,-,-,-,-,-,-,185,-4.7,1,194.2,194,-1.6,0,107.4,197,28.0,0,-70.3
178,바누아투,179,-,-,27,15.3,-,29.3,0.0,27,호주(76),중국(55),한국(27),태국(10),일본(6),인도(2),프랑스(1),인도네시아(1),-,-,-,-,-,-,-,-,-,-,-,-,-,-,-,-,-,-,-,-,-,-,179,10.8,-,-,161,50.9,1,-96.3,107,-52.6,25,-
179,남수단,156,-,-,-,-,-,-10.7,0.0,-,중국(71),일본(59),덴마크(6),태국(6),프랑스(4),인도(0),튀르키예(0),-,-,-,-,-,-,-,-,-,-,-,-,-,-,-,-,-,-,-,-,-,-,-,156,-55.8,-,-,353,80.6,-,-,195,-0.6,-,-
180,카이만제도,124,1,-123,-,-,-,32.9,0.0,-,미국(41),프랑스(5),네덜란드(2),일본(2),태국(2),독일(1),중국(0),멕시코(0),군소 외곽제도(0),헝가리(0),영국(0),폴란드(0),인도(0),-,-,-,-,-,-,-,-,-,-,-,-,-,-,-,-,-,124,-38.9,1,-93.4,203,189.0,16,174.2,70,-16.9,6,-78.9
181,터크스케이커스제도,123,0,-123,-,-,-,21.4,0.0,-,중국(116),미국(6),태국(0),인도네시아(0),캐나다(0),-,-,-,-,-,-,-,-,-,-,-,-,-,-,-,-,-,-,-,-,-,-,-,-,-,123,241.8,0,-,36,-56.9,-,-,83,243.5,0,-
182,에리트레아,116,8,-107,-,-,-,-20.4,0.0,-,중국(112),튀르키예(4),-,-,-,-,-,-,-,-,-,-,-,-,-,-,-,-,-,-,-,-,-,-,-,-,-,-,-,-,116,-64.9,8,"2,986.8",331,80.8,0,-,183,34.5,-,-
183,신트마르턴(네),113,0,-112,-,-,-,67.1,0.0,-,미국(32),독일(30),네덜란드(4),폴란드(3),태국(2),헝가리(2),남아프리카공화국(1),대만(0),프랑스(0),벨기에(0),-,-,-,-,-,-,-,-,-,-,-,-,-,-,-,-,-,-,-,-,113,27.4,0,-82.1,89,119.3,3,-,40,-30.8,-,-
184,솔로몬,111,16,-96,1,0.9,-,50.1,0.0,1,중국(77),호주(23),말레이시아(7),인도네시아(3),한국(1),-,-,-,-,-,-,-,-,-,-,-,-,-,-,-,-,-,-,-,-,-,-,-,-,-,111,-46.3,16,-,207,319.9,-,-,49,1.3,-,-
185,도미니카,107,1,-106,-,-,-12.7,-55.6,0.0,-,중국(40),캐나다(22),미국(20),일본(7),영국(7),태국(5),폴란드(2),헝가리(1),오스트리아(0),튀르키예(0),인도네시아(0),인도(0),-,-,-,-,-,-,-,-,-,-,-,-,-,-,-,-,-,-,107,-78.2,1,-78.3,493,-9.4,4,-50.6,544,926.5,9,"5,305.5"
186,상투메 프린시페,95,-,-,-,-,3.1,21.1,0.0,-,포르투갈(46),중국(1),-,-,-,-,-,-,-,-,-,-,-,-,-,-,-,-,-,-,-,-,-,-,-,-,-,-,-,-,95,-48.3,-,-,183,183.5,0,-,65,32.4,-,-
187,기니비사우,88,0,-88,-,-,-,141.5,0.0,-,중국(50),프랑스(9),포르투갈(7),튀르키예(4),남아프리카공화국(0),-,-,-,-,-,-,-,-,-,-,-,-,-,-,-,-,-,-,-,-,-,-,-,-,-,88,128.3,0,-,39,155.5,-,-,15,-54.1,-,-
188,세인트빈센트,85,0,-85,-,-,-26.4,-61.2,0.0,-,중국(34),미국(23),일본(15),영국(10),헝가리(1),인도네시아(0),폴란드(0),-,-,-,-,-,-,-,-,-,-,-,-,-,-,-,-,-,-,-,-,-,-,-,85,-82.0,0,-99.1,473,-16.3,9,"6,675.6",566,65.6,0,-96.8
189,니제르,80,0,-79,-,-,-12.3,-45.7,0.0,-,중국(34),미국(10),프랑스(8),튀르키예(8),일본(5),독일(4),벨기에(1),남아프리카공화국(1),태국(1),호주(0),리비아(0),-,-,-,-,-,-,-,-,-,-,-,-,-,-,-,-,-,-,-,80,-90.0,0,1.7,800,196.0,0,78.0,270,0.4,0,149.5
190,괌,65,-,-,5,7.1,-,151.2,0.0,5,브라질(23),영국(20),일본(13),한국(5),이탈리아(2),태국(1),-,-,-,-,-,-,-,-,-,-,-,-,-,-,-,-,-,-,-,-,-,-,-,-,65,76.5,-,-,37,257.7,0,-,10,-48.9,-,-
191,부룬디,63,-,-,0,0.2,-0.1,-12.5,0.0,0,중국(42),남아프리카공화국(7),네덜란드(4),프랑스(2),한국(0),-,-,-,-,-,-,-,-,-,-,-,-,-,-,-,-,-,-,-,-,-,-,-,-,-,63,-11.1,-,-,70,-13.9,-,-,82,-11.3,-,-
192,나우루,61,49,-12,-,-,-,-13.6,0.0,-,호주(39),중국(18),일본(3),인도네시아(1),-,-,-,-,-,-,-,-,-,-,-,-,-,-,-,-,-,-,-,-,-,-,-,-,-,-,61,549.7,49,-41.9,9,-88.5,84,-27.4,82,665.3,116,419.2
193,통가,41,119,78,-,-,-,6.6,0.0,-,일본(35),중국(3),태국(2),호주(1),말레이시아(0),-,-,-,-,-,-,-,-,-,-,-,-,-,-,-,-,-,-,-,-,-,-,-,-,-,41,-51.7,119,-23.4,84,135.3,155,"2,834.0",36,630.3,5,-
194,팔라우,33,-,-,-,-,-,-20.1,0.0,-,대만(30),미국(3),-,-,-,-,-,-,-,-,-,-,-,-,-,-,-,-,-,-,-,-,-,-,-,-,-,-,-,-,33,3.6,-,-,32,-38.4,-,-,52,"2,503.6",-,-
195,코모로,27,0,-27,-,-,34.8,-45.1,0.0,-,중국(11),프랑스(7),남아프리카공화국(2),벨기에(0),-,-,-,-,-,-,-,-,-,-,-,-,-,-,-,-,-,-,-,-,-,-,-,-,-,-,27,-63.4,0,381.8,74,-17.8,0,-90.5,90,165.0,0,113.8
196,키리바시,25,-,-,-,-,-,5.0,0.0,-,일본(10),중국(7),호주(7),대만(1),태국(0),-,-,-,-,-,-,-,-,-,-,-,-,-,-,-,-,-,-,-,-,-,-,-,-,-,25,-65.0,-,-,71,215.1,1,-,22,-73.7,-,-
197,마크로네시아,16,-,-,-,-,-,10.2,0.0,-,미국(7),일본(5),호주(3),중국(1),-,-,-,-,-,-,-,-,-,-,-,-,-,-,-,-,-,-,-,-,-,-,-,-,-,-,16,-37.2,-,-,26,93.5,-,-,13,-69.2,-,-
198,마샬 제도,16,0,-16,1,5.7,-,-26.6,0.0,1,중국(12),일본(2),한국(1),브라질(0),인도(0),헝가리(0),-,-,-,-,-,-,-,-,-,-,-,-,-,-,-,-,-,-,-,-,-,-,-,-,16,-4.3,0,-99.9,17,-43.7,64,-38.8,30,171.5,104,-
199,북마리아나제도,8,-,-,4,56.6,-,561.7,0.0,4,한국(4),일본(3),튀르키예(0),-,-,-,-,-,-,-,-,-,-,-,-,-,-,-,-,-,-,-,-,-,-,-,-,-,-,-,8,-,-,-,-,-,-,-,0,109.3,0,-
200,세인트키츠앤네비스,6,-,-,-,-,-,-72.1,0.0,-,미국(3),일본(2),중국(0),-,-,-,-,-,-,-,-,-,-,-,-,-,-,-,-,-,-,-,-,-,-,-,-,-,-,-,6,-78.7,-,-,28,-63.4,-,-,76,205.4,-,-
201,미국령사모아,3,3,0,3,96.5,-,-,0.0,3,한국(3),태국(0),-,-,-,-,-,-,-,-,-,-,-,-,-,-,-,-,-,-,-,-,-,-,-,-,-,-,-,-,3,-,3,29.1,-,-,2,"2,986.2",-,-,0,-95.5
202,산마리노,2,0,-2,-,-,-,-49.3,0.0,-,스페인(1),브라질(0),-,-,-,-,-,-,-,-,-,-,-,-,-,-,-,-,-,-,-,-,-,-,-,-,-,-,-,-,2,-82.7,0,-,10,48.9,-,-,7,27.8,0,-95.1
203,투발루,-,0,-,-,-,-,-,-,-,-,-,-,-,-,-,-,-,-,-,-,-,-,-,-,-,-,-,-,-,-,-,-,-,-,-,-,-,-,-,-,-,0,-80.8,-,-,0,-,-,-,-,-
204,팔레스타인,"5,855",-,-,196,3.3,4.2,-13.0,0.0,196,"독일(2,266)",중국(418),한국(196),이탈리아(181),튀르키예(163),프랑스(139),영국(10),체코(4),네덜란드(3),일본(2),태국(0),-,-,-,-,-,-,-,-,-,-,-,-,-,-,-,-,-,-,-,"5,855",-37.7,-,-,"9,395",21.5,35,132.1,"7,733",31.7,15,-13.1
205,지브롤터,444,1,-442,-,-,-,81.0,0.0,-,미국(233),스페인(87),영국(23),벨기에(3),헝가리(1),중국(0),-,-,-,-,-,-,-,-,-,-,-,-,-,-,-,-,-,-,-,-,-,-,-,-,444,50.2,1,-9.1,295,118.2,1,-77.5,135,-66.2,6,-98.3
206,토클로 제도,276,1,-275,-,-,-,-,0.0,-,스페인(136),프랑스(0),-,-,-,-,-,-,-,-,-,-,-,-,-,-,-,-,-,-,-,-,-,-,-,-,-,-,-,-,276,-,1,-94.6,-,-,15,-77.5,-,-,67,878.1
207,세인트헬레나,137,-,-,-,-,-,90.8,0.0,-,남아프리카공화국(118),벨기에(3),-,-,-,-,-,-,-,-,-,-,-,-,-,-,-,-,-,-,-,-,-,-,-,-,-,-,-,-,137,426.2,-,-,26,-30.8,1,"8,300.0",38,"4,448.3",0,-
208,"버진아일랜드,영",137,0,-137,-,-,-,5.9,0.0,-,미국(67),일본(26),태국(19),중국(18),헝가리(4),-,-,-,-,-,-,-,-,-,-,-,-,-,-,-,-,-,-,-,-,-,-,-,-,-,137,-5.3,0,-68.4,145,18.3,1,"1,797.4",122,-1.2,0,-
209,포클랜드 제도,87,-,-,-,-,-,30.8,0.0,-,영국(87),-,-,-,-,-,-,-,-,-,-,-,-,-,-,-,-,-,-,-,-,-,-,-,-,-,-,-,-,-,87,151.1,-,-,35,-31.9,0,664.7,51,-73.7,0,-
210,생바르텔레미,70,-,-,-,-,-,73.9,0.0,-,포르투갈(32),프랑스(5),헝가리(0),-,-,-,-,-,-,-,-,-,-,-,-,-,-,-,-,-,-,-,-,-,-,-,-,-,-,-,70,224.5,-,-,21,-6.8,2,"2,411.7",23,23.2,0,-
211,생피에르미클롱,53,1,-52,-,-,-,64.1,0.0,-,프랑스(27),-,-,-,-,-,-,-,-,-,-,-,-,-,-,-,-,-,-,-,-,-,-,-,-,-,-,-,-,-,53,5.7,1,-65.3,51,154.6,3,-,20,-54.0,-,-
212,몬세라트,51,0,-51,-,-,5.1,31.8,0.0,-,미국(29),일본(8),트리니다드토바고(4),영국(3),프랑스(3),아랍에미리트(2),중국(2),퀴라소(1),앤티가바부다(0),기타국(0),도미니카(0),자메이카(0),-,-,-,-,-,-,-,-,-,-,-,-,-,-,-,-,-,-,51,18.4,0,-85.2,43,46.7,0,-,30,-61.1,-,-
213,군소 외곽제도,31,117,86,-,-,-,-,0.0,-,캐나다(30),튀르키예(1),-,-,-,-,-,-,-,-,-,-,-,-,-,-,-,-,-,-,-,-,-,-,-,-,-,-,-,-,31,82.4,117,-34.5,17,-,178,"159,217.0",-,-,0,-90.8
214,보네르 섬,25,0,-24,-,-,-,53.2,0.0,-,네덜란드(10),오스트리아(2),독일(1),-,-,-,-,-,-,-,-,-,-,-,-,-,-,-,-,-,-,-,-,-,-,-,-,-,-,-,25,228.6,0,-,7,-28.6,-,-,10,101.1,-,-
215,서사하라,10,1,-10,-,-,-,-4.2,0.0,-,일본(10),인도(0),중국(0),-,-,-,-,-,-,-,-,-,-,-,-,-,-,-,-,-,-,-,-,-,-,-,-,-,-,-,10,-,1,-,-,-,-,-,11,900.4,-,-
216,영국령 인도양 지역,5,8,3,-,-,-,129.9,0.0,-,싱가포르(5),-,-,-,-,-,-,-,-,-,-,-,-,-,-,-,-,-,-,-,-,-,-,-,-,-,-,-,-,-,5,-78.3,8,"34,640.9",21,"2,334.6",0,-75.8,1,"1,761.7",0,11.0
217,크리스마스 섬,3,-,-,-,-,-,15.4,0.0,-,호주(3),말레이시아(0),-,-,-,-,-,-,-,-,-,-,-,-,-,-,-,-,-,-,-,-,-,-,-,-,-,-,-,-,3,92.6,-,-,2,-30.9,0,-67.6,2,-,1,"2,321.2"
218,북한,2,-,-,-,-,-,-,0.0,-,중국(2),-,-,-,-,-,-,-,-,-,-,-,-,-,-,-,-,-,-,-,-,-,-,-,-,-,-,-,-,-,2,-,-,-,-,-,1,-52.1,-,-,2,-95.0
219,남극,2,-,-,-,-,-,74.4,0.0,-,폴란드(1),-,-,-,-,-,-,-,-,-,-,-,-,-,-,-,-,-,-,-,-,-,-,-,-,-,-,-,-,-,2,10.5,-,-,2,175.0,-,-,1,-,-,-
220,쿡제도,2,0,-2,-,-,-,32.7,0.0,-,호주(1),중국(1),-,-,-,-,-,-,-,-,-,-,-,-,-,-,-,-,-,-,-,-,-,-,-,-,-,-,-,-,2,-61.7,0,99.4,5,359.9,0,21.6,1,14.4,0,"1,544.4"
221,"월리스,후투나",1,0,0,-,-,-,-,0.0,-,중국(1),프랑스(0),-,-,-,-,-,-,-,-,-,-,-,-,-,-,-,-,-,-,-,-,-,-,-,-,-,-,-,-,1,-97.4,0,488.2,27,-,0,-,-,-,-,-
222,바티칸시,0,1,1,0,100.0,-,-,0.0,0,한국(0),-,-,-,-,-,-,-,-,-,-,-,-,-,-,-,-,-,-,-,-,-,-,-,-,-,-,-,-,-,0,-,1,-49.7,-,-,2,-,-,-,-,-
223,앙귈라,-,2,-,-,-,-,-,-,-,-,-,-,-,-,-,-,-,-,-,-,-,-,-,-,-,-,-,-,-,-,-,-,-,-,-,-,-,-,-,-,-,2,-52.4,-,-,5,"1,248.2",9,-,0,902.7
224,노퍽섬,-,-,-,-,-,-,-,-,-,-,-,-,-,-,-,-,-,-,-,-,-,-,-,-,-,-,-,-,-,-,-,-,-,-,-,-,-,-,-,-,-,-,-,-,-,4,"5,888.1",-,-,0,-92.5
225,니우에섬,-,-,-,-,-,-,-,-,-,-,-,-,-,-,-,-,-,-,-,-,-,-,-,-,-,-,-,-,-,-,-,-,-,-,-,-,-,-,-,-,-,-,-,-,-,0,-,-,-,-,-
226,코코넛섬,-,0,-,-,-,-,-,-,-,-,-,-,-,-,-,-,-,-,-,-,-,-,-,-,-,-,-,-,-,-,-,-,-,-,-,-,-,-,-,-,-,0,-100.0,-,-,75,139.3,-,-,31,"101,267.7"
227,핏케언섬,-,-,-,-,-,-,-,-,-,-,-,-,-,-,-,-,-,-,-,-,-,-,-,-,-,-,-,-,-,-,-,-,-,-,-,-,-,-,-,-,-,-,-,-,-,-,-,-,-,-,-
228,허드맥도날드제도,-,-,-,-,-,-,-,-,-,-,-,-,-,-,-,-,-,-,-,-,-,-,-,-,-,-,-,-,-,-,-,-,-,-,-,-,-,-,-,-,-,-,-,-,-,-,-,-,-,-,-
229,보빗 군도,-,-,-,-,-,-,-,-,-,-,-,-,-,-,-,-,-,-,-,-,-,-,-,-,-,-,-,-,-,-,-,-,-,-,-,-,-,-,-,-,-,-,-,-,-,-,-,1,-,-,-
230,성 샌드위치섬,-,-,-,-,-,-,-,-,-,-,-,-,-,-,-,-,-,-,-,-,-,-,-,-,-,-,-,-,-,-,-,-,-,-,-,-,-,-,-,-,-,-,-,-,-,-,-,-,-,-,-
231,시리아,852,-,-,1,0.2,-,0.4,0.0,1,튀르키예(525),중국(244),인도(32),독일(22),대만(6),한국(1),벨기에(1),-,-,-,-,-,-,-,-,-,-,-,-,-,-,-,-,-,-,-,-,-,-,-,852,-6.3,-,-,909,7.6,0,-,845,-34.5,-,-
